<?xml version="1.0" encoding="UTF-8"?>
<gpx version="1.0" creator="http://thydzik.com" xmlns:xsi="http://www.w3.org/2001/XMLSchema-instance" xmlns="http://www.topografix.com/GPX/1/0" xsi:schemaLocation="http://www.topografix.com/GPX/1/0 http://www.topografix.com/GPX/1/0/gpx.xsd">
  <url></url>
  <time>2024-06-21T12:52:53Z</time>
  <trk>
    <name></name>
    <trkseg>
      <trkpt lat="42.53185" lon="1.69994">
        <time>2024-06-21T12:52:54Z</time>
      </trkpt>
      <trkpt lat="42.53185" lon="1.69996">
        <time>2024-06-21T12:52:54Z</time>
      </trkpt>
      <trkpt lat="42.53183" lon="1.70004">
        <time>2024-06-21T12:52:54Z</time>
      </trkpt>
      <trkpt lat="42.53177" lon="1.70006">
        <time>2024-06-21T12:52:54Z</time>
      </trkpt>
      <trkpt lat="42.5317" lon="1.70002">
        <time>2024-06-21T12:52:54Z</time>
      </trkpt>
      <trkpt lat="42.53158" lon="1.69984">
        <time>2024-06-21T12:52:54Z</time>
      </trkpt>
      <trkpt lat="42.53117" lon="1.69885">
        <time>2024-06-21T12:52:54Z</time>
      </trkpt>
      <trkpt lat="42.53109" lon="1.69848">
        <time>2024-06-21T12:52:54Z</time>
      </trkpt>
      <trkpt lat="42.53107" lon="1.69827">
        <time>2024-06-21T12:52:54Z</time>
      </trkpt>
      <trkpt lat="42.53105" lon="1.69806">
        <time>2024-06-21T12:52:54Z</time>
      </trkpt>
      <trkpt lat="42.53103" lon="1.69767">
        <time>2024-06-21T12:52:54Z</time>
      </trkpt>
      <trkpt lat="42.53102" lon="1.69753">
        <time>2024-06-21T12:52:54Z</time>
      </trkpt>
      <trkpt lat="42.53099" lon="1.69738">
        <time>2024-06-21T12:52:54Z</time>
      </trkpt>
      <trkpt lat="42.53097" lon="1.69706">
        <time>2024-06-21T12:52:54Z</time>
      </trkpt>
      <trkpt lat="42.53083" lon="1.69693">
        <time>2024-06-21T12:52:54Z</time>
      </trkpt>
      <trkpt lat="42.53082" lon="1.69702">
        <time>2024-06-21T12:52:54Z</time>
      </trkpt>
      <trkpt lat="42.53082" lon="1.69704">
        <time>2024-06-21T12:52:54Z</time>
      </trkpt>
      <trkpt lat="42.53079" lon="1.69711">
        <time>2024-06-21T12:52:54Z</time>
      </trkpt>
      <trkpt lat="42.53074" lon="1.69726">
        <time>2024-06-21T12:52:54Z</time>
      </trkpt>
      <trkpt lat="42.53069" lon="1.69747">
        <time>2024-06-21T12:52:54Z</time>
      </trkpt>
      <trkpt lat="42.53062" lon="1.69773">
        <time>2024-06-21T12:52:54Z</time>
      </trkpt>
      <trkpt lat="42.53064" lon="1.69799">
        <time>2024-06-21T12:52:54Z</time>
      </trkpt>
      <trkpt lat="42.53061" lon="1.69822">
        <time>2024-06-21T12:52:54Z</time>
      </trkpt>
      <trkpt lat="42.53055" lon="1.69849">
        <time>2024-06-21T12:52:54Z</time>
      </trkpt>
      <trkpt lat="42.53047" lon="1.69866">
        <time>2024-06-21T12:52:54Z</time>
      </trkpt>
      <trkpt lat="42.53043" lon="1.69884">
        <time>2024-06-21T12:52:54Z</time>
      </trkpt>
      <trkpt lat="42.53037" lon="1.69902">
        <time>2024-06-21T12:52:54Z</time>
      </trkpt>
      <trkpt lat="42.53036" lon="1.6991">
        <time>2024-06-21T12:52:54Z</time>
      </trkpt>
      <trkpt lat="42.53036" lon="1.6993">
        <time>2024-06-21T12:52:54Z</time>
      </trkpt>
      <trkpt lat="42.53034" lon="1.6994">
        <time>2024-06-21T12:52:54Z</time>
      </trkpt>
      <trkpt lat="42.5303" lon="1.6996">
        <time>2024-06-21T12:52:54Z</time>
      </trkpt>
      <trkpt lat="42.53029" lon="1.69969">
        <time>2024-06-21T12:52:54Z</time>
      </trkpt>
      <trkpt lat="42.53029" lon="1.69982">
        <time>2024-06-21T12:52:54Z</time>
      </trkpt>
      <trkpt lat="42.53028" lon="1.69992">
        <time>2024-06-21T12:52:54Z</time>
      </trkpt>
      <trkpt lat="42.53024" lon="1.70004">
        <time>2024-06-21T12:52:54Z</time>
      </trkpt>
      <trkpt lat="42.53017" lon="1.70023">
        <time>2024-06-21T12:52:54Z</time>
      </trkpt>
      <trkpt lat="42.53015" lon="1.70033">
        <time>2024-06-21T12:52:54Z</time>
      </trkpt>
      <trkpt lat="42.53013" lon="1.70042">
        <time>2024-06-21T12:52:54Z</time>
      </trkpt>
      <trkpt lat="42.53008" lon="1.7006">
        <time>2024-06-21T12:52:54Z</time>
      </trkpt>
      <trkpt lat="42.53006" lon="1.70069">
        <time>2024-06-21T12:52:54Z</time>
      </trkpt>
      <trkpt lat="42.53003" lon="1.70078">
        <time>2024-06-21T12:52:54Z</time>
      </trkpt>
      <trkpt lat="42.53" lon="1.70095">
        <time>2024-06-21T12:52:54Z</time>
      </trkpt>
      <trkpt lat="42.52997" lon="1.70114">
        <time>2024-06-21T12:52:54Z</time>
      </trkpt>
      <trkpt lat="42.52994" lon="1.70131">
        <time>2024-06-21T12:52:54Z</time>
      </trkpt>
      <trkpt lat="42.52993" lon="1.7014">
        <time>2024-06-21T12:52:54Z</time>
      </trkpt>
      <trkpt lat="42.5299" lon="1.7016">
        <time>2024-06-21T12:52:54Z</time>
      </trkpt>
      <trkpt lat="42.52988" lon="1.7017">
        <time>2024-06-21T12:52:54Z</time>
      </trkpt>
      <trkpt lat="42.52986" lon="1.70179">
        <time>2024-06-21T12:52:54Z</time>
      </trkpt>
      <trkpt lat="42.52985" lon="1.70187">
        <time>2024-06-21T12:52:54Z</time>
      </trkpt>
      <trkpt lat="42.52982" lon="1.70204">
        <time>2024-06-21T12:52:54Z</time>
      </trkpt>
      <trkpt lat="42.52979" lon="1.70214">
        <time>2024-06-21T12:52:54Z</time>
      </trkpt>
      <trkpt lat="42.52976" lon="1.70231">
        <time>2024-06-21T12:52:54Z</time>
      </trkpt>
      <trkpt lat="42.52974" lon="1.70247">
        <time>2024-06-21T12:52:54Z</time>
      </trkpt>
      <trkpt lat="42.52973" lon="1.70256">
        <time>2024-06-21T12:52:54Z</time>
      </trkpt>
      <trkpt lat="42.5297" lon="1.70273">
        <time>2024-06-21T12:52:54Z</time>
      </trkpt>
      <trkpt lat="42.52966" lon="1.7029">
        <time>2024-06-21T12:52:54Z</time>
      </trkpt>
      <trkpt lat="42.52962" lon="1.70308">
        <time>2024-06-21T12:52:54Z</time>
      </trkpt>
      <trkpt lat="42.5296" lon="1.70316">
        <time>2024-06-21T12:52:54Z</time>
      </trkpt>
      <trkpt lat="42.52956" lon="1.70333">
        <time>2024-06-21T12:52:54Z</time>
      </trkpt>
      <trkpt lat="42.52953" lon="1.70351">
        <time>2024-06-21T12:52:54Z</time>
      </trkpt>
      <trkpt lat="42.52951" lon="1.7036">
        <time>2024-06-21T12:52:54Z</time>
      </trkpt>
      <trkpt lat="42.5295" lon="1.70369">
        <time>2024-06-21T12:52:54Z</time>
      </trkpt>
      <trkpt lat="42.52946" lon="1.70384">
        <time>2024-06-21T12:52:54Z</time>
      </trkpt>
      <trkpt lat="42.52944" lon="1.70392">
        <time>2024-06-21T12:52:54Z</time>
      </trkpt>
      <trkpt lat="42.52941" lon="1.7041">
        <time>2024-06-21T12:52:54Z</time>
      </trkpt>
      <trkpt lat="42.5294" lon="1.70418">
        <time>2024-06-21T12:52:54Z</time>
      </trkpt>
      <trkpt lat="42.52938" lon="1.70426">
        <time>2024-06-21T12:52:54Z</time>
      </trkpt>
      <trkpt lat="42.52935" lon="1.70442">
        <time>2024-06-21T12:52:54Z</time>
      </trkpt>
      <trkpt lat="42.52932" lon="1.70459">
        <time>2024-06-21T12:52:54Z</time>
      </trkpt>
      <trkpt lat="42.52929" lon="1.70476">
        <time>2024-06-21T12:52:54Z</time>
      </trkpt>
      <trkpt lat="42.52928" lon="1.70484">
        <time>2024-06-21T12:52:54Z</time>
      </trkpt>
      <trkpt lat="42.52925" lon="1.70501">
        <time>2024-06-21T12:52:54Z</time>
      </trkpt>
      <trkpt lat="42.52922" lon="1.70516">
        <time>2024-06-21T12:52:54Z</time>
      </trkpt>
      <trkpt lat="42.52919" lon="1.70525">
        <time>2024-06-21T12:52:54Z</time>
      </trkpt>
      <trkpt lat="42.52915" lon="1.70541">
        <time>2024-06-21T12:52:54Z</time>
      </trkpt>
      <trkpt lat="42.52912" lon="1.70558">
        <time>2024-06-21T12:52:54Z</time>
      </trkpt>
      <trkpt lat="42.52908" lon="1.70575">
        <time>2024-06-21T12:52:54Z</time>
      </trkpt>
      <trkpt lat="42.52907" lon="1.70582">
        <time>2024-06-21T12:52:54Z</time>
      </trkpt>
      <trkpt lat="42.52903" lon="1.70601">
        <time>2024-06-21T12:52:54Z</time>
      </trkpt>
      <trkpt lat="42.52901" lon="1.7061">
        <time>2024-06-21T12:52:54Z</time>
      </trkpt>
      <trkpt lat="42.52899" lon="1.70618">
        <time>2024-06-21T12:52:54Z</time>
      </trkpt>
      <trkpt lat="42.52895" lon="1.70635">
        <time>2024-06-21T12:52:54Z</time>
      </trkpt>
      <trkpt lat="42.52893" lon="1.70644">
        <time>2024-06-21T12:52:54Z</time>
      </trkpt>
      <trkpt lat="42.52891" lon="1.70662">
        <time>2024-06-21T12:52:54Z</time>
      </trkpt>
      <trkpt lat="42.52889" lon="1.70672">
        <time>2024-06-21T12:52:54Z</time>
      </trkpt>
      <trkpt lat="42.52887" lon="1.70683">
        <time>2024-06-21T12:52:54Z</time>
      </trkpt>
      <trkpt lat="42.52885" lon="1.70692">
        <time>2024-06-21T12:52:54Z</time>
      </trkpt>
      <trkpt lat="42.52881" lon="1.70711">
        <time>2024-06-21T12:52:54Z</time>
      </trkpt>
      <trkpt lat="42.52879" lon="1.70722">
        <time>2024-06-21T12:52:54Z</time>
      </trkpt>
      <trkpt lat="42.52876" lon="1.70739">
        <time>2024-06-21T12:52:54Z</time>
      </trkpt>
      <trkpt lat="42.52873" lon="1.70757">
        <time>2024-06-21T12:52:54Z</time>
      </trkpt>
      <trkpt lat="42.52872" lon="1.70762">
        <time>2024-06-21T12:52:54Z</time>
      </trkpt>
      <trkpt lat="42.52869" lon="1.70772">
        <time>2024-06-21T12:52:54Z</time>
      </trkpt>
      <trkpt lat="42.52867" lon="1.70782">
        <time>2024-06-21T12:52:54Z</time>
      </trkpt>
      <trkpt lat="42.52863" lon="1.70801">
        <time>2024-06-21T12:52:54Z</time>
      </trkpt>
      <trkpt lat="42.52861" lon="1.70811">
        <time>2024-06-21T12:52:54Z</time>
      </trkpt>
      <trkpt lat="42.52859" lon="1.7083">
        <time>2024-06-21T12:52:54Z</time>
      </trkpt>
      <trkpt lat="42.52857" lon="1.7084">
        <time>2024-06-21T12:52:54Z</time>
      </trkpt>
      <trkpt lat="42.52855" lon="1.70849">
        <time>2024-06-21T12:52:54Z</time>
      </trkpt>
      <trkpt lat="42.52851" lon="1.70865">
        <time>2024-06-21T12:52:54Z</time>
      </trkpt>
      <trkpt lat="42.52849" lon="1.70874">
        <time>2024-06-21T12:52:54Z</time>
      </trkpt>
      <trkpt lat="42.52847" lon="1.70881">
        <time>2024-06-21T12:52:54Z</time>
      </trkpt>
      <trkpt lat="42.52843" lon="1.70898">
        <time>2024-06-21T12:52:54Z</time>
      </trkpt>
      <trkpt lat="42.52838" lon="1.70922">
        <time>2024-06-21T12:52:54Z</time>
      </trkpt>
      <trkpt lat="42.52836" lon="1.70934">
        <time>2024-06-21T12:52:54Z</time>
      </trkpt>
      <trkpt lat="42.52835" lon="1.70949">
        <time>2024-06-21T12:52:54Z</time>
      </trkpt>
      <trkpt lat="42.52831" lon="1.70966">
        <time>2024-06-21T12:52:54Z</time>
      </trkpt>
      <trkpt lat="42.5283" lon="1.70974">
        <time>2024-06-21T12:52:54Z</time>
      </trkpt>
      <trkpt lat="42.52828" lon="1.70984">
        <time>2024-06-21T12:52:54Z</time>
      </trkpt>
      <trkpt lat="42.52824" lon="1.71">
        <time>2024-06-21T12:52:54Z</time>
      </trkpt>
      <trkpt lat="42.52822" lon="1.71009">
        <time>2024-06-21T12:52:54Z</time>
      </trkpt>
      <trkpt lat="42.5282" lon="1.71017">
        <time>2024-06-21T12:52:54Z</time>
      </trkpt>
      <trkpt lat="42.52816" lon="1.71035">
        <time>2024-06-21T12:52:54Z</time>
      </trkpt>
      <trkpt lat="42.52813" lon="1.71053">
        <time>2024-06-21T12:52:54Z</time>
      </trkpt>
      <trkpt lat="42.52811" lon="1.71071">
        <time>2024-06-21T12:52:54Z</time>
      </trkpt>
      <trkpt lat="42.52808" lon="1.71088">
        <time>2024-06-21T12:52:54Z</time>
      </trkpt>
      <trkpt lat="42.52805" lon="1.71106">
        <time>2024-06-21T12:52:54Z</time>
      </trkpt>
      <trkpt lat="42.52802" lon="1.71125">
        <time>2024-06-21T12:52:54Z</time>
      </trkpt>
      <trkpt lat="42.52798" lon="1.71143">
        <time>2024-06-21T12:52:54Z</time>
      </trkpt>
      <trkpt lat="42.52796" lon="1.71152">
        <time>2024-06-21T12:52:54Z</time>
      </trkpt>
      <trkpt lat="42.52793" lon="1.71169">
        <time>2024-06-21T12:52:54Z</time>
      </trkpt>
      <trkpt lat="42.52789" lon="1.71185">
        <time>2024-06-21T12:52:54Z</time>
      </trkpt>
      <trkpt lat="42.52787" lon="1.71195">
        <time>2024-06-21T12:52:54Z</time>
      </trkpt>
      <trkpt lat="42.52785" lon="1.71204">
        <time>2024-06-21T12:52:54Z</time>
      </trkpt>
      <trkpt lat="42.52783" lon="1.71224">
        <time>2024-06-21T12:52:54Z</time>
      </trkpt>
      <trkpt lat="42.52781" lon="1.71234">
        <time>2024-06-21T12:52:54Z</time>
      </trkpt>
      <trkpt lat="42.52776" lon="1.71253">
        <time>2024-06-21T12:52:54Z</time>
      </trkpt>
      <trkpt lat="42.52774" lon="1.71262">
        <time>2024-06-21T12:52:54Z</time>
      </trkpt>
      <trkpt lat="42.52771" lon="1.7128">
        <time>2024-06-21T12:52:54Z</time>
      </trkpt>
      <trkpt lat="42.52769" lon="1.7129">
        <time>2024-06-21T12:52:54Z</time>
      </trkpt>
      <trkpt lat="42.52767" lon="1.71299">
        <time>2024-06-21T12:52:54Z</time>
      </trkpt>
      <trkpt lat="42.52764" lon="1.71315">
        <time>2024-06-21T12:52:54Z</time>
      </trkpt>
      <trkpt lat="42.52761" lon="1.71335">
        <time>2024-06-21T12:52:54Z</time>
      </trkpt>
      <trkpt lat="42.52758" lon="1.71354">
        <time>2024-06-21T12:52:54Z</time>
      </trkpt>
      <trkpt lat="42.52755" lon="1.71363">
        <time>2024-06-21T12:52:54Z</time>
      </trkpt>
      <trkpt lat="42.52751" lon="1.71381">
        <time>2024-06-21T12:52:54Z</time>
      </trkpt>
      <trkpt lat="42.52749" lon="1.7139">
        <time>2024-06-21T12:52:54Z</time>
      </trkpt>
      <trkpt lat="42.52744" lon="1.71405">
        <time>2024-06-21T12:52:54Z</time>
      </trkpt>
      <trkpt lat="42.5274" lon="1.71424">
        <time>2024-06-21T12:52:54Z</time>
      </trkpt>
      <trkpt lat="42.52738" lon="1.7143">
        <time>2024-06-21T12:52:54Z</time>
      </trkpt>
      <trkpt lat="42.52737" lon="1.7144">
        <time>2024-06-21T12:52:54Z</time>
      </trkpt>
      <trkpt lat="42.52737" lon="1.71451">
        <time>2024-06-21T12:52:54Z</time>
      </trkpt>
      <trkpt lat="42.52734" lon="1.71471">
        <time>2024-06-21T12:52:54Z</time>
      </trkpt>
      <trkpt lat="42.52731" lon="1.7148">
        <time>2024-06-21T12:52:54Z</time>
      </trkpt>
      <trkpt lat="42.5273" lon="1.71489">
        <time>2024-06-21T12:52:54Z</time>
      </trkpt>
      <trkpt lat="42.52729" lon="1.71496">
        <time>2024-06-21T12:52:54Z</time>
      </trkpt>
      <trkpt lat="42.52721" lon="1.71518">
        <time>2024-06-21T12:52:54Z</time>
      </trkpt>
      <trkpt lat="42.52718" lon="1.71527">
        <time>2024-06-21T12:52:54Z</time>
      </trkpt>
      <trkpt lat="42.52717" lon="1.71542">
        <time>2024-06-21T12:52:54Z</time>
      </trkpt>
      <trkpt lat="42.52717" lon="1.71551">
        <time>2024-06-21T12:52:54Z</time>
      </trkpt>
      <trkpt lat="42.52714" lon="1.71572">
        <time>2024-06-21T12:52:54Z</time>
      </trkpt>
      <trkpt lat="42.52712" lon="1.71581">
        <time>2024-06-21T12:52:54Z</time>
      </trkpt>
      <trkpt lat="42.52709" lon="1.71598">
        <time>2024-06-21T12:52:54Z</time>
      </trkpt>
      <trkpt lat="42.52706" lon="1.71616">
        <time>2024-06-21T12:52:54Z</time>
      </trkpt>
      <trkpt lat="42.52704" lon="1.71624">
        <time>2024-06-21T12:52:54Z</time>
      </trkpt>
      <trkpt lat="42.52702" lon="1.71633">
        <time>2024-06-21T12:52:54Z</time>
      </trkpt>
      <trkpt lat="42.52701" lon="1.71641">
        <time>2024-06-21T12:52:54Z</time>
      </trkpt>
      <trkpt lat="42.52697" lon="1.71659">
        <time>2024-06-21T12:52:54Z</time>
      </trkpt>
      <trkpt lat="42.52696" lon="1.71666">
        <time>2024-06-21T12:52:54Z</time>
      </trkpt>
      <trkpt lat="42.52692" lon="1.71684">
        <time>2024-06-21T12:52:54Z</time>
      </trkpt>
      <trkpt lat="42.5269" lon="1.71693">
        <time>2024-06-21T12:52:54Z</time>
      </trkpt>
      <trkpt lat="42.52687" lon="1.7171">
        <time>2024-06-21T12:52:54Z</time>
      </trkpt>
      <trkpt lat="42.52685" lon="1.71719">
        <time>2024-06-21T12:52:54Z</time>
      </trkpt>
      <trkpt lat="42.52683" lon="1.71728">
        <time>2024-06-21T12:52:54Z</time>
      </trkpt>
      <trkpt lat="42.5268" lon="1.71747">
        <time>2024-06-21T12:52:54Z</time>
      </trkpt>
      <trkpt lat="42.52679" lon="1.71757">
        <time>2024-06-21T12:52:54Z</time>
      </trkpt>
      <trkpt lat="42.52676" lon="1.71772">
        <time>2024-06-21T12:52:54Z</time>
      </trkpt>
      <trkpt lat="42.52672" lon="1.7179">
        <time>2024-06-21T12:52:54Z</time>
      </trkpt>
      <trkpt lat="42.52669" lon="1.71799">
        <time>2024-06-21T12:52:54Z</time>
      </trkpt>
      <trkpt lat="42.52666" lon="1.71813">
        <time>2024-06-21T12:52:54Z</time>
      </trkpt>
      <trkpt lat="42.52664" lon="1.71822">
        <time>2024-06-21T12:52:54Z</time>
      </trkpt>
      <trkpt lat="42.52662" lon="1.71832">
        <time>2024-06-21T12:52:54Z</time>
      </trkpt>
      <trkpt lat="42.52659" lon="1.71851">
        <time>2024-06-21T12:52:54Z</time>
      </trkpt>
      <trkpt lat="42.52656" lon="1.71866">
        <time>2024-06-21T12:52:54Z</time>
      </trkpt>
      <trkpt lat="42.52652" lon="1.71885">
        <time>2024-06-21T12:52:54Z</time>
      </trkpt>
      <trkpt lat="42.5265" lon="1.71894">
        <time>2024-06-21T12:52:54Z</time>
      </trkpt>
      <trkpt lat="42.52646" lon="1.7191">
        <time>2024-06-21T12:52:54Z</time>
      </trkpt>
      <trkpt lat="42.52644" lon="1.71918">
        <time>2024-06-21T12:52:54Z</time>
      </trkpt>
      <trkpt lat="42.52641" lon="1.71937">
        <time>2024-06-21T12:52:54Z</time>
      </trkpt>
      <trkpt lat="42.52637" lon="1.71955">
        <time>2024-06-21T12:52:54Z</time>
      </trkpt>
      <trkpt lat="42.52636" lon="1.71964">
        <time>2024-06-21T12:52:54Z</time>
      </trkpt>
      <trkpt lat="42.52633" lon="1.71978">
        <time>2024-06-21T12:52:54Z</time>
      </trkpt>
      <trkpt lat="42.52631" lon="1.71985">
        <time>2024-06-21T12:52:54Z</time>
      </trkpt>
      <trkpt lat="42.52629" lon="1.71994">
        <time>2024-06-21T12:52:54Z</time>
      </trkpt>
      <trkpt lat="42.52627" lon="1.7201">
        <time>2024-06-21T12:52:54Z</time>
      </trkpt>
      <trkpt lat="42.52625" lon="1.72016">
        <time>2024-06-21T12:52:54Z</time>
      </trkpt>
      <trkpt lat="42.5262" lon="1.72035">
        <time>2024-06-21T12:52:54Z</time>
      </trkpt>
      <trkpt lat="42.52617" lon="1.72053">
        <time>2024-06-21T12:52:54Z</time>
      </trkpt>
      <trkpt lat="42.52615" lon="1.72063">
        <time>2024-06-21T12:52:54Z</time>
      </trkpt>
      <trkpt lat="42.52613" lon="1.72073">
        <time>2024-06-21T12:52:54Z</time>
      </trkpt>
      <trkpt lat="42.52611" lon="1.72091">
        <time>2024-06-21T12:52:54Z</time>
      </trkpt>
      <trkpt lat="42.52609" lon="1.721">
        <time>2024-06-21T12:52:54Z</time>
      </trkpt>
      <trkpt lat="42.52605" lon="1.72116">
        <time>2024-06-21T12:52:54Z</time>
      </trkpt>
      <trkpt lat="42.52603" lon="1.72129">
        <time>2024-06-21T12:52:54Z</time>
      </trkpt>
      <trkpt lat="42.52602" lon="1.72138">
        <time>2024-06-21T12:52:54Z</time>
      </trkpt>
      <trkpt lat="42.52598" lon="1.72155">
        <time>2024-06-21T12:52:54Z</time>
      </trkpt>
      <trkpt lat="42.52595" lon="1.72174">
        <time>2024-06-21T12:52:54Z</time>
      </trkpt>
      <trkpt lat="42.52594" lon="1.72183">
        <time>2024-06-21T12:52:54Z</time>
      </trkpt>
      <trkpt lat="42.52591" lon="1.72192">
        <time>2024-06-21T12:52:54Z</time>
      </trkpt>
      <trkpt lat="42.52587" lon="1.72208">
        <time>2024-06-21T12:52:54Z</time>
      </trkpt>
      <trkpt lat="42.52585" lon="1.72226">
        <time>2024-06-21T12:52:54Z</time>
      </trkpt>
      <trkpt lat="42.52581" lon="1.72243">
        <time>2024-06-21T12:52:54Z</time>
      </trkpt>
      <trkpt lat="42.5258" lon="1.72251">
        <time>2024-06-21T12:52:54Z</time>
      </trkpt>
      <trkpt lat="42.52577" lon="1.72258">
        <time>2024-06-21T12:52:54Z</time>
      </trkpt>
      <trkpt lat="42.52575" lon="1.72276">
        <time>2024-06-21T12:52:54Z</time>
      </trkpt>
      <trkpt lat="42.52575" lon="1.72281">
        <time>2024-06-21T12:52:54Z</time>
      </trkpt>
      <trkpt lat="42.52571" lon="1.72301">
        <time>2024-06-21T12:52:54Z</time>
      </trkpt>
      <trkpt lat="42.52568" lon="1.72319">
        <time>2024-06-21T12:52:54Z</time>
      </trkpt>
      <trkpt lat="42.52567" lon="1.72325">
        <time>2024-06-21T12:52:54Z</time>
      </trkpt>
      <trkpt lat="42.52564" lon="1.72342">
        <time>2024-06-21T12:52:54Z</time>
      </trkpt>
      <trkpt lat="42.52563" lon="1.72355">
        <time>2024-06-21T12:52:54Z</time>
      </trkpt>
      <trkpt lat="42.52564" lon="1.72363">
        <time>2024-06-21T12:52:54Z</time>
      </trkpt>
      <trkpt lat="42.52563" lon="1.72387">
        <time>2024-06-21T12:52:54Z</time>
      </trkpt>
      <trkpt lat="42.52563" lon="1.72402">
        <time>2024-06-21T12:52:54Z</time>
      </trkpt>
      <trkpt lat="42.52571" lon="1.72404">
        <time>2024-06-21T12:52:54Z</time>
      </trkpt>
      <trkpt lat="42.52575" lon="1.72404">
        <time>2024-06-21T12:52:54Z</time>
      </trkpt>
      <trkpt lat="42.52576" lon="1.72403">
        <time>2024-06-21T12:52:54Z</time>
      </trkpt>
      <trkpt lat="42.52577" lon="1.72403">
        <time>2024-06-21T12:52:54Z</time>
      </trkpt>
      <trkpt lat="42.52579" lon="1.72403">
        <time>2024-06-21T12:52:54Z</time>
      </trkpt>
      <trkpt lat="42.52577" lon="1.72406">
        <time>2024-06-21T12:52:54Z</time>
      </trkpt>
      <trkpt lat="42.52582" lon="1.72406">
        <time>2024-06-21T12:52:54Z</time>
      </trkpt>
      <trkpt lat="42.5258" lon="1.724">
        <time>2024-06-21T12:52:54Z</time>
      </trkpt>
      <trkpt lat="42.52579" lon="1.724">
        <time>2024-06-21T12:52:54Z</time>
      </trkpt>
      <trkpt lat="42.52578" lon="1.72406">
        <time>2024-06-21T12:52:54Z</time>
      </trkpt>
      <trkpt lat="42.52577" lon="1.72407">
        <time>2024-06-21T12:52:54Z</time>
      </trkpt>
      <trkpt lat="42.52585" lon="1.72417">
        <time>2024-06-21T12:52:54Z</time>
      </trkpt>
      <trkpt lat="42.52586" lon="1.72424">
        <time>2024-06-21T12:52:54Z</time>
      </trkpt>
      <trkpt lat="42.52592" lon="1.72441">
        <time>2024-06-21T12:52:54Z</time>
      </trkpt>
      <trkpt lat="42.52589" lon="1.72434">
        <time>2024-06-21T12:52:54Z</time>
      </trkpt>
      <trkpt lat="42.52585" lon="1.72416">
        <time>2024-06-21T12:52:54Z</time>
      </trkpt>
      <trkpt lat="42.52587" lon="1.72389">
        <time>2024-06-21T12:52:54Z</time>
      </trkpt>
      <trkpt lat="42.52619" lon="1.72361">
        <time>2024-06-21T12:52:54Z</time>
      </trkpt>
      <trkpt lat="42.52662" lon="1.72325">
        <time>2024-06-21T12:52:54Z</time>
      </trkpt>
      <trkpt lat="42.52695" lon="1.72273">
        <time>2024-06-21T12:52:54Z</time>
      </trkpt>
      <trkpt lat="42.52706" lon="1.72238">
        <time>2024-06-21T12:52:54Z</time>
      </trkpt>
      <trkpt lat="42.52735" lon="1.72174">
        <time>2024-06-21T12:52:54Z</time>
      </trkpt>
      <trkpt lat="42.52747" lon="1.72142">
        <time>2024-06-21T12:52:54Z</time>
      </trkpt>
      <trkpt lat="42.52762" lon="1.72105">
        <time>2024-06-21T12:52:54Z</time>
      </trkpt>
      <trkpt lat="42.52779" lon="1.72062">
        <time>2024-06-21T12:52:54Z</time>
      </trkpt>
      <trkpt lat="42.52798" lon="1.72015">
        <time>2024-06-21T12:52:54Z</time>
      </trkpt>
      <trkpt lat="42.52805" lon="1.72004">
        <time>2024-06-21T12:52:54Z</time>
      </trkpt>
      <trkpt lat="42.52814" lon="1.72001">
        <time>2024-06-21T12:52:54Z</time>
      </trkpt>
      <trkpt lat="42.5282" lon="1.71999">
        <time>2024-06-21T12:52:54Z</time>
      </trkpt>
      <trkpt lat="42.52821" lon="1.71999">
        <time>2024-06-21T12:52:54Z</time>
      </trkpt>
      <trkpt lat="42.52859" lon="1.72">
        <time>2024-06-21T12:52:54Z</time>
      </trkpt>
      <trkpt lat="42.52865" lon="1.72">
        <time>2024-06-21T12:52:54Z</time>
      </trkpt>
      <trkpt lat="42.52872" lon="1.72">
        <time>2024-06-21T12:52:54Z</time>
      </trkpt>
      <trkpt lat="42.52878" lon="1.72">
        <time>2024-06-21T12:52:54Z</time>
      </trkpt>
      <trkpt lat="42.52885" lon="1.72">
        <time>2024-06-21T12:52:54Z</time>
      </trkpt>
      <trkpt lat="42.52889" lon="1.72">
        <time>2024-06-21T12:52:54Z</time>
      </trkpt>
      <trkpt lat="42.52898" lon="1.72">
        <time>2024-06-21T12:52:54Z</time>
      </trkpt>
      <trkpt lat="42.52904" lon="1.72">
        <time>2024-06-21T12:52:54Z</time>
      </trkpt>
      <trkpt lat="42.5291" lon="1.72">
        <time>2024-06-21T12:52:54Z</time>
      </trkpt>
      <trkpt lat="42.52916" lon="1.72">
        <time>2024-06-21T12:52:54Z</time>
      </trkpt>
      <trkpt lat="42.52922" lon="1.72001">
        <time>2024-06-21T12:52:54Z</time>
      </trkpt>
      <trkpt lat="42.52934" lon="1.72004">
        <time>2024-06-21T12:52:54Z</time>
      </trkpt>
      <trkpt lat="42.52956" lon="1.72008">
        <time>2024-06-21T12:52:54Z</time>
      </trkpt>
      <trkpt lat="42.52974" lon="1.7201">
        <time>2024-06-21T12:52:54Z</time>
      </trkpt>
      <trkpt lat="42.52992" lon="1.72013">
        <time>2024-06-21T12:52:54Z</time>
      </trkpt>
      <trkpt lat="42.5301" lon="1.72014">
        <time>2024-06-21T12:52:54Z</time>
      </trkpt>
      <trkpt lat="42.5302" lon="1.72014">
        <time>2024-06-21T12:52:54Z</time>
      </trkpt>
      <trkpt lat="42.53029" lon="1.72011">
        <time>2024-06-21T12:52:54Z</time>
      </trkpt>
      <trkpt lat="42.53038" lon="1.72009">
        <time>2024-06-21T12:52:54Z</time>
      </trkpt>
      <trkpt lat="42.53041" lon="1.72008">
        <time>2024-06-21T12:52:54Z</time>
      </trkpt>
      <trkpt lat="42.53048" lon="1.72005">
        <time>2024-06-21T12:52:54Z</time>
      </trkpt>
      <trkpt lat="42.53055" lon="1.72001">
        <time>2024-06-21T12:52:54Z</time>
      </trkpt>
      <trkpt lat="42.53061" lon="1.71996">
        <time>2024-06-21T12:52:54Z</time>
      </trkpt>
      <trkpt lat="42.53064" lon="1.71993">
        <time>2024-06-21T12:52:54Z</time>
      </trkpt>
      <trkpt lat="42.53078" lon="1.71971">
        <time>2024-06-21T12:52:54Z</time>
      </trkpt>
      <trkpt lat="42.53085" lon="1.71959">
        <time>2024-06-21T12:52:54Z</time>
      </trkpt>
      <trkpt lat="42.53103" lon="1.71937">
        <time>2024-06-21T12:52:54Z</time>
      </trkpt>
      <trkpt lat="42.53123" lon="1.71917">
        <time>2024-06-21T12:52:54Z</time>
      </trkpt>
      <trkpt lat="42.53135" lon="1.71906">
        <time>2024-06-21T12:52:54Z</time>
      </trkpt>
      <trkpt lat="42.53149" lon="1.71897">
        <time>2024-06-21T12:52:54Z</time>
      </trkpt>
      <trkpt lat="42.53162" lon="1.71888">
        <time>2024-06-21T12:52:54Z</time>
      </trkpt>
      <trkpt lat="42.53188" lon="1.71865">
        <time>2024-06-21T12:52:54Z</time>
      </trkpt>
      <trkpt lat="42.53201" lon="1.71854">
        <time>2024-06-21T12:52:54Z</time>
      </trkpt>
      <trkpt lat="42.53222" lon="1.71833">
        <time>2024-06-21T12:52:54Z</time>
      </trkpt>
      <trkpt lat="42.53241" lon="1.7181">
        <time>2024-06-21T12:52:54Z</time>
      </trkpt>
      <trkpt lat="42.53261" lon="1.71788">
        <time>2024-06-21T12:52:54Z</time>
      </trkpt>
      <trkpt lat="42.53278" lon="1.71773">
        <time>2024-06-21T12:52:54Z</time>
      </trkpt>
      <trkpt lat="42.53285" lon="1.71767">
        <time>2024-06-21T12:52:54Z</time>
      </trkpt>
      <trkpt lat="42.53289" lon="1.71762">
        <time>2024-06-21T12:52:54Z</time>
      </trkpt>
      <trkpt lat="42.5329" lon="1.7176">
        <time>2024-06-21T12:52:54Z</time>
      </trkpt>
      <trkpt lat="42.5329" lon="1.71759">
        <time>2024-06-21T12:52:54Z</time>
      </trkpt>
      <trkpt lat="42.53291" lon="1.71759">
        <time>2024-06-21T12:52:54Z</time>
      </trkpt>
      <trkpt lat="42.53297" lon="1.7175">
        <time>2024-06-21T12:52:54Z</time>
      </trkpt>
      <trkpt lat="42.53318" lon="1.71734">
        <time>2024-06-21T12:52:54Z</time>
      </trkpt>
      <trkpt lat="42.53335" lon="1.71722">
        <time>2024-06-21T12:52:54Z</time>
      </trkpt>
      <trkpt lat="42.53342" lon="1.71715">
        <time>2024-06-21T12:52:54Z</time>
      </trkpt>
      <trkpt lat="42.53356" lon="1.71703">
        <time>2024-06-21T12:52:54Z</time>
      </trkpt>
      <trkpt lat="42.53369" lon="1.71678">
        <time>2024-06-21T12:52:54Z</time>
      </trkpt>
      <trkpt lat="42.53396" lon="1.71653">
        <time>2024-06-21T12:52:54Z</time>
      </trkpt>
      <trkpt lat="42.53408" lon="1.71646">
        <time>2024-06-21T12:52:54Z</time>
      </trkpt>
      <trkpt lat="42.53436" lon="1.71636">
        <time>2024-06-21T12:52:54Z</time>
      </trkpt>
      <trkpt lat="42.53453" lon="1.71633">
        <time>2024-06-21T12:52:54Z</time>
      </trkpt>
      <trkpt lat="42.53485" lon="1.71632">
        <time>2024-06-21T12:52:54Z</time>
      </trkpt>
      <trkpt lat="42.53514" lon="1.7165">
        <time>2024-06-21T12:52:54Z</time>
      </trkpt>
      <trkpt lat="42.53532" lon="1.71675">
        <time>2024-06-21T12:52:54Z</time>
      </trkpt>
      <trkpt lat="42.53536" lon="1.71682">
        <time>2024-06-21T12:52:54Z</time>
      </trkpt>
      <trkpt lat="42.53546" lon="1.71678">
        <time>2024-06-21T12:52:54Z</time>
      </trkpt>
      <trkpt lat="42.53695" lon="1.71726">
        <time>2024-06-21T12:52:54Z</time>
      </trkpt>
      <trkpt lat="42.53728" lon="1.71741">
        <time>2024-06-21T12:52:54Z</time>
      </trkpt>
      <trkpt lat="42.53756" lon="1.71765">
        <time>2024-06-21T12:52:54Z</time>
      </trkpt>
      <trkpt lat="42.53779" lon="1.71803">
        <time>2024-06-21T12:52:54Z</time>
      </trkpt>
      <trkpt lat="42.53773" lon="1.71899">
        <time>2024-06-21T12:52:54Z</time>
      </trkpt>
      <trkpt lat="42.53755" lon="1.7194">
        <time>2024-06-21T12:52:54Z</time>
      </trkpt>
      <trkpt lat="42.53718" lon="1.72002">
        <time>2024-06-21T12:52:54Z</time>
      </trkpt>
      <trkpt lat="42.537" lon="1.72017">
        <time>2024-06-21T12:52:54Z</time>
      </trkpt>
      <trkpt lat="42.53704" lon="1.72038">
        <time>2024-06-21T12:52:54Z</time>
      </trkpt>
      <trkpt lat="42.53708" lon="1.72045">
        <time>2024-06-21T12:52:54Z</time>
      </trkpt>
      <trkpt lat="42.53699" lon="1.72046">
        <time>2024-06-21T12:52:54Z</time>
      </trkpt>
      <trkpt lat="42.53696" lon="1.72049">
        <time>2024-06-21T12:52:54Z</time>
      </trkpt>
      <trkpt lat="42.53696" lon="1.72094">
        <time>2024-06-21T12:52:54Z</time>
      </trkpt>
      <trkpt lat="42.53699" lon="1.72266">
        <time>2024-06-21T12:52:54Z</time>
      </trkpt>
      <trkpt lat="42.53701" lon="1.72298">
        <time>2024-06-21T12:52:54Z</time>
      </trkpt>
      <trkpt lat="42.53704" lon="1.7233">
        <time>2024-06-21T12:52:54Z</time>
      </trkpt>
      <trkpt lat="42.53701" lon="1.72408">
        <time>2024-06-21T12:52:54Z</time>
      </trkpt>
      <trkpt lat="42.53688" lon="1.72476">
        <time>2024-06-21T12:52:54Z</time>
      </trkpt>
      <trkpt lat="42.5369" lon="1.7252">
        <time>2024-06-21T12:52:54Z</time>
      </trkpt>
      <trkpt lat="42.53672" lon="1.72612">
        <time>2024-06-21T12:52:54Z</time>
      </trkpt>
      <trkpt lat="42.53678" lon="1.72641">
        <time>2024-06-21T12:52:54Z</time>
      </trkpt>
      <trkpt lat="42.53685" lon="1.72695">
        <time>2024-06-21T12:52:54Z</time>
      </trkpt>
      <trkpt lat="42.53695" lon="1.72736">
        <time>2024-06-21T12:52:54Z</time>
      </trkpt>
      <trkpt lat="42.53702" lon="1.72754">
        <time>2024-06-21T12:52:54Z</time>
      </trkpt>
      <trkpt lat="42.53705" lon="1.72775">
        <time>2024-06-21T12:52:54Z</time>
      </trkpt>
      <trkpt lat="42.53706" lon="1.7281">
        <time>2024-06-21T12:52:54Z</time>
      </trkpt>
      <trkpt lat="42.53712" lon="1.72826">
        <time>2024-06-21T12:52:54Z</time>
      </trkpt>
      <trkpt lat="42.53732" lon="1.72872">
        <time>2024-06-21T12:52:54Z</time>
      </trkpt>
      <trkpt lat="42.53744" lon="1.72902">
        <time>2024-06-21T12:52:54Z</time>
      </trkpt>
      <trkpt lat="42.53758" lon="1.72928">
        <time>2024-06-21T12:52:54Z</time>
      </trkpt>
      <trkpt lat="42.53785" lon="1.72985">
        <time>2024-06-21T12:52:54Z</time>
      </trkpt>
      <trkpt lat="42.53796" lon="1.73013">
        <time>2024-06-21T12:52:54Z</time>
      </trkpt>
      <trkpt lat="42.538" lon="1.73039">
        <time>2024-06-21T12:52:54Z</time>
      </trkpt>
      <trkpt lat="42.53812" lon="1.73087">
        <time>2024-06-21T12:52:54Z</time>
      </trkpt>
      <trkpt lat="42.53832" lon="1.73103">
        <time>2024-06-21T12:52:54Z</time>
      </trkpt>
      <trkpt lat="42.53846" lon="1.73127">
        <time>2024-06-21T12:52:54Z</time>
      </trkpt>
      <trkpt lat="42.53885" lon="1.73162">
        <time>2024-06-21T12:52:54Z</time>
      </trkpt>
      <trkpt lat="42.53906" lon="1.73179">
        <time>2024-06-21T12:52:54Z</time>
      </trkpt>
      <trkpt lat="42.53945" lon="1.73219">
        <time>2024-06-21T12:52:54Z</time>
      </trkpt>
      <trkpt lat="42.53965" lon="1.73236">
        <time>2024-06-21T12:52:54Z</time>
      </trkpt>
      <trkpt lat="42.54001" lon="1.73264">
        <time>2024-06-21T12:52:54Z</time>
      </trkpt>
      <trkpt lat="42.54032" lon="1.73297">
        <time>2024-06-21T12:52:54Z</time>
      </trkpt>
      <trkpt lat="42.54048" lon="1.73315">
        <time>2024-06-21T12:52:54Z</time>
      </trkpt>
      <trkpt lat="42.54059" lon="1.7332">
        <time>2024-06-21T12:52:54Z</time>
      </trkpt>
      <trkpt lat="42.54067" lon="1.73317">
        <time>2024-06-21T12:52:54Z</time>
      </trkpt>
      <trkpt lat="42.54071" lon="1.73319">
        <time>2024-06-21T12:52:54Z</time>
      </trkpt>
      <trkpt lat="42.54077" lon="1.73323">
        <time>2024-06-21T12:52:54Z</time>
      </trkpt>
      <trkpt lat="42.54083" lon="1.73325">
        <time>2024-06-21T12:52:54Z</time>
      </trkpt>
      <trkpt lat="42.54085" lon="1.73325">
        <time>2024-06-21T12:52:54Z</time>
      </trkpt>
      <trkpt lat="42.54094" lon="1.73326">
        <time>2024-06-21T12:52:54Z</time>
      </trkpt>
      <trkpt lat="42.54098" lon="1.73326">
        <time>2024-06-21T12:52:54Z</time>
      </trkpt>
      <trkpt lat="42.54092" lon="1.73326">
        <time>2024-06-21T12:52:54Z</time>
      </trkpt>
      <trkpt lat="42.54096" lon="1.73329">
        <time>2024-06-21T12:52:54Z</time>
      </trkpt>
      <trkpt lat="42.54098" lon="1.7333">
        <time>2024-06-21T12:52:54Z</time>
      </trkpt>
      <trkpt lat="42.54095" lon="1.73333">
        <time>2024-06-21T12:52:54Z</time>
      </trkpt>
      <trkpt lat="42.54096" lon="1.73334">
        <time>2024-06-21T12:52:54Z</time>
      </trkpt>
      <trkpt lat="42.54095" lon="1.73332">
        <time>2024-06-21T12:52:54Z</time>
      </trkpt>
      <trkpt lat="42.54096" lon="1.73329">
        <time>2024-06-21T12:52:54Z</time>
      </trkpt>
      <trkpt lat="42.54102" lon="1.7331">
        <time>2024-06-21T12:52:54Z</time>
      </trkpt>
      <trkpt lat="42.54099" lon="1.73308">
        <time>2024-06-21T12:52:54Z</time>
      </trkpt>
      <trkpt lat="42.54099" lon="1.73307">
        <time>2024-06-21T12:52:54Z</time>
      </trkpt>
      <trkpt lat="42.54094" lon="1.73301">
        <time>2024-06-21T12:52:54Z</time>
      </trkpt>
      <trkpt lat="42.54093" lon="1.733">
        <time>2024-06-21T12:52:54Z</time>
      </trkpt>
      <trkpt lat="42.54073" lon="1.73282">
        <time>2024-06-21T12:52:54Z</time>
      </trkpt>
      <trkpt lat="42.54058" lon="1.73268">
        <time>2024-06-21T12:52:54Z</time>
      </trkpt>
      <trkpt lat="42.54042" lon="1.73254">
        <time>2024-06-21T12:52:54Z</time>
      </trkpt>
      <trkpt lat="42.54023" lon="1.73237">
        <time>2024-06-21T12:52:54Z</time>
      </trkpt>
      <trkpt lat="42.54006" lon="1.73217">
        <time>2024-06-21T12:52:54Z</time>
      </trkpt>
      <trkpt lat="42.53988" lon="1.73199">
        <time>2024-06-21T12:52:54Z</time>
      </trkpt>
      <trkpt lat="42.53971" lon="1.73181">
        <time>2024-06-21T12:52:54Z</time>
      </trkpt>
      <trkpt lat="42.53956" lon="1.73167">
        <time>2024-06-21T12:52:54Z</time>
      </trkpt>
      <trkpt lat="42.5395" lon="1.73162">
        <time>2024-06-21T12:52:54Z</time>
      </trkpt>
      <trkpt lat="42.53941" lon="1.73152">
        <time>2024-06-21T12:52:54Z</time>
      </trkpt>
      <trkpt lat="42.53936" lon="1.73147">
        <time>2024-06-21T12:52:54Z</time>
      </trkpt>
      <trkpt lat="42.53926" lon="1.73137">
        <time>2024-06-21T12:52:54Z</time>
      </trkpt>
      <trkpt lat="42.5392" lon="1.73134">
        <time>2024-06-21T12:52:54Z</time>
      </trkpt>
      <trkpt lat="42.53916" lon="1.73131">
        <time>2024-06-21T12:52:54Z</time>
      </trkpt>
      <trkpt lat="42.53903" lon="1.73119">
        <time>2024-06-21T12:52:54Z</time>
      </trkpt>
      <trkpt lat="42.53893" lon="1.73106">
        <time>2024-06-21T12:52:54Z</time>
      </trkpt>
      <trkpt lat="42.53879" lon="1.73089">
        <time>2024-06-21T12:52:54Z</time>
      </trkpt>
      <trkpt lat="42.53875" lon="1.73083">
        <time>2024-06-21T12:52:54Z</time>
      </trkpt>
      <trkpt lat="42.53871" lon="1.73076">
        <time>2024-06-21T12:52:54Z</time>
      </trkpt>
      <trkpt lat="42.53861" lon="1.73063">
        <time>2024-06-21T12:52:54Z</time>
      </trkpt>
      <trkpt lat="42.53847" lon="1.73049">
        <time>2024-06-21T12:52:54Z</time>
      </trkpt>
      <trkpt lat="42.53841" lon="1.73044">
        <time>2024-06-21T12:52:54Z</time>
      </trkpt>
      <trkpt lat="42.53829" lon="1.73039">
        <time>2024-06-21T12:52:54Z</time>
      </trkpt>
      <trkpt lat="42.53814" lon="1.73039">
        <time>2024-06-21T12:52:54Z</time>
      </trkpt>
      <trkpt lat="42.53825" lon="1.73031">
        <time>2024-06-21T12:52:54Z</time>
      </trkpt>
      <trkpt lat="42.53814" lon="1.7302">
        <time>2024-06-21T12:52:54Z</time>
      </trkpt>
      <trkpt lat="42.538" lon="1.73005">
        <time>2024-06-21T12:52:54Z</time>
      </trkpt>
      <trkpt lat="42.53794" lon="1.73">
        <time>2024-06-21T12:52:54Z</time>
      </trkpt>
      <trkpt lat="42.53779" lon="1.72989">
        <time>2024-06-21T12:52:54Z</time>
      </trkpt>
      <trkpt lat="42.53773" lon="1.72982">
        <time>2024-06-21T12:52:54Z</time>
      </trkpt>
      <trkpt lat="42.5376" lon="1.72972">
        <time>2024-06-21T12:52:54Z</time>
      </trkpt>
      <trkpt lat="42.53754" lon="1.72967">
        <time>2024-06-21T12:52:54Z</time>
      </trkpt>
      <trkpt lat="42.53748" lon="1.72962">
        <time>2024-06-21T12:52:54Z</time>
      </trkpt>
      <trkpt lat="42.53735" lon="1.72951">
        <time>2024-06-21T12:52:54Z</time>
      </trkpt>
      <trkpt lat="42.53723" lon="1.72939">
        <time>2024-06-21T12:52:54Z</time>
      </trkpt>
      <trkpt lat="42.53718" lon="1.72933">
        <time>2024-06-21T12:52:54Z</time>
      </trkpt>
      <trkpt lat="42.53707" lon="1.72921">
        <time>2024-06-21T12:52:54Z</time>
      </trkpt>
      <trkpt lat="42.53696" lon="1.7291">
        <time>2024-06-21T12:52:54Z</time>
      </trkpt>
      <trkpt lat="42.53685" lon="1.72898">
        <time>2024-06-21T12:52:54Z</time>
      </trkpt>
      <trkpt lat="42.53675" lon="1.72887">
        <time>2024-06-21T12:52:54Z</time>
      </trkpt>
      <trkpt lat="42.53664" lon="1.72876">
        <time>2024-06-21T12:52:54Z</time>
      </trkpt>
      <trkpt lat="42.53653" lon="1.72866">
        <time>2024-06-21T12:52:54Z</time>
      </trkpt>
      <trkpt lat="42.53647" lon="1.7286">
        <time>2024-06-21T12:52:54Z</time>
      </trkpt>
      <trkpt lat="42.53636" lon="1.72847">
        <time>2024-06-21T12:52:54Z</time>
      </trkpt>
      <trkpt lat="42.53624" lon="1.72835">
        <time>2024-06-21T12:52:54Z</time>
      </trkpt>
      <trkpt lat="42.53619" lon="1.7283">
        <time>2024-06-21T12:52:54Z</time>
      </trkpt>
      <trkpt lat="42.53608" lon="1.72819">
        <time>2024-06-21T12:52:54Z</time>
      </trkpt>
      <trkpt lat="42.53603" lon="1.72813">
        <time>2024-06-21T12:52:54Z</time>
      </trkpt>
      <trkpt lat="42.53591" lon="1.72803">
        <time>2024-06-21T12:52:54Z</time>
      </trkpt>
      <trkpt lat="42.53581" lon="1.72792">
        <time>2024-06-21T12:52:54Z</time>
      </trkpt>
      <trkpt lat="42.53576" lon="1.72787">
        <time>2024-06-21T12:52:54Z</time>
      </trkpt>
      <trkpt lat="42.53564" lon="1.72776">
        <time>2024-06-21T12:52:54Z</time>
      </trkpt>
      <trkpt lat="42.53559" lon="1.7277">
        <time>2024-06-21T12:52:54Z</time>
      </trkpt>
      <trkpt lat="42.53548" lon="1.72759">
        <time>2024-06-21T12:52:54Z</time>
      </trkpt>
      <trkpt lat="42.53542" lon="1.72753">
        <time>2024-06-21T12:52:54Z</time>
      </trkpt>
      <trkpt lat="42.5353" lon="1.72742">
        <time>2024-06-21T12:52:54Z</time>
      </trkpt>
      <trkpt lat="42.53521" lon="1.72733">
        <time>2024-06-21T12:52:54Z</time>
      </trkpt>
      <trkpt lat="42.53515" lon="1.72727">
        <time>2024-06-21T12:52:54Z</time>
      </trkpt>
      <trkpt lat="42.53509" lon="1.72721">
        <time>2024-06-21T12:52:54Z</time>
      </trkpt>
      <trkpt lat="42.53497" lon="1.72709">
        <time>2024-06-21T12:52:54Z</time>
      </trkpt>
      <trkpt lat="42.53486" lon="1.72698">
        <time>2024-06-21T12:52:54Z</time>
      </trkpt>
      <trkpt lat="42.53475" lon="1.72688">
        <time>2024-06-21T12:52:54Z</time>
      </trkpt>
      <trkpt lat="42.5347" lon="1.72683">
        <time>2024-06-21T12:52:54Z</time>
      </trkpt>
      <trkpt lat="42.53467" lon="1.72679">
        <time>2024-06-21T12:52:54Z</time>
      </trkpt>
      <trkpt lat="42.53461" lon="1.72674">
        <time>2024-06-21T12:52:54Z</time>
      </trkpt>
      <trkpt lat="42.53449" lon="1.72663">
        <time>2024-06-21T12:52:54Z</time>
      </trkpt>
      <trkpt lat="42.53443" lon="1.72657">
        <time>2024-06-21T12:52:54Z</time>
      </trkpt>
      <trkpt lat="42.53437" lon="1.72651">
        <time>2024-06-21T12:52:54Z</time>
      </trkpt>
      <trkpt lat="42.53425" lon="1.7264">
        <time>2024-06-21T12:52:54Z</time>
      </trkpt>
      <trkpt lat="42.53413" lon="1.72628">
        <time>2024-06-21T12:52:54Z</time>
      </trkpt>
      <trkpt lat="42.53401" lon="1.72614">
        <time>2024-06-21T12:52:54Z</time>
      </trkpt>
      <trkpt lat="42.53395" lon="1.72609">
        <time>2024-06-21T12:52:54Z</time>
      </trkpt>
      <trkpt lat="42.53383" lon="1.72597">
        <time>2024-06-21T12:52:54Z</time>
      </trkpt>
      <trkpt lat="42.53378" lon="1.72591">
        <time>2024-06-21T12:52:54Z</time>
      </trkpt>
      <trkpt lat="42.5337" lon="1.72582">
        <time>2024-06-21T12:52:54Z</time>
      </trkpt>
      <trkpt lat="42.53361" lon="1.72573">
        <time>2024-06-21T12:52:54Z</time>
      </trkpt>
      <trkpt lat="42.53355" lon="1.72567">
        <time>2024-06-21T12:52:54Z</time>
      </trkpt>
      <trkpt lat="42.53344" lon="1.72556">
        <time>2024-06-21T12:52:54Z</time>
      </trkpt>
      <trkpt lat="42.53333" lon="1.72546">
        <time>2024-06-21T12:52:54Z</time>
      </trkpt>
      <trkpt lat="42.53327" lon="1.72539">
        <time>2024-06-21T12:52:54Z</time>
      </trkpt>
      <trkpt lat="42.53316" lon="1.72529">
        <time>2024-06-21T12:52:54Z</time>
      </trkpt>
      <trkpt lat="42.53311" lon="1.72523">
        <time>2024-06-21T12:52:54Z</time>
      </trkpt>
      <trkpt lat="42.53305" lon="1.72518">
        <time>2024-06-21T12:52:54Z</time>
      </trkpt>
      <trkpt lat="42.53295" lon="1.72506">
        <time>2024-06-21T12:52:54Z</time>
      </trkpt>
      <trkpt lat="42.53283" lon="1.72494">
        <time>2024-06-21T12:52:54Z</time>
      </trkpt>
      <trkpt lat="42.53272" lon="1.72483">
        <time>2024-06-21T12:52:54Z</time>
      </trkpt>
      <trkpt lat="42.53267" lon="1.72478">
        <time>2024-06-21T12:52:54Z</time>
      </trkpt>
      <trkpt lat="42.53257" lon="1.72469">
        <time>2024-06-21T12:52:54Z</time>
      </trkpt>
      <trkpt lat="42.53245" lon="1.72457">
        <time>2024-06-21T12:52:54Z</time>
      </trkpt>
      <trkpt lat="42.53234" lon="1.72446">
        <time>2024-06-21T12:52:54Z</time>
      </trkpt>
      <trkpt lat="42.53227" lon="1.72441">
        <time>2024-06-21T12:52:54Z</time>
      </trkpt>
      <trkpt lat="42.53215" lon="1.72429">
        <time>2024-06-21T12:52:54Z</time>
      </trkpt>
      <trkpt lat="42.5321" lon="1.72423">
        <time>2024-06-21T12:52:54Z</time>
      </trkpt>
      <trkpt lat="42.53204" lon="1.72418">
        <time>2024-06-21T12:52:54Z</time>
      </trkpt>
      <trkpt lat="42.53194" lon="1.72406">
        <time>2024-06-21T12:52:54Z</time>
      </trkpt>
      <trkpt lat="42.53185" lon="1.72397">
        <time>2024-06-21T12:52:54Z</time>
      </trkpt>
      <trkpt lat="42.53173" lon="1.72384">
        <time>2024-06-21T12:52:54Z</time>
      </trkpt>
      <trkpt lat="42.53161" lon="1.72372">
        <time>2024-06-21T12:52:54Z</time>
      </trkpt>
      <trkpt lat="42.53151" lon="1.72361">
        <time>2024-06-21T12:52:54Z</time>
      </trkpt>
      <trkpt lat="42.53139" lon="1.72349">
        <time>2024-06-21T12:52:54Z</time>
      </trkpt>
      <trkpt lat="42.53133" lon="1.72344">
        <time>2024-06-21T12:52:54Z</time>
      </trkpt>
      <trkpt lat="42.53128" lon="1.72339">
        <time>2024-06-21T12:52:54Z</time>
      </trkpt>
      <trkpt lat="42.53117" lon="1.72328">
        <time>2024-06-21T12:52:54Z</time>
      </trkpt>
      <trkpt lat="42.53112" lon="1.72323">
        <time>2024-06-21T12:52:54Z</time>
      </trkpt>
      <trkpt lat="42.53106" lon="1.72317">
        <time>2024-06-21T12:52:54Z</time>
      </trkpt>
      <trkpt lat="42.53096" lon="1.72307">
        <time>2024-06-21T12:52:54Z</time>
      </trkpt>
      <trkpt lat="42.53085" lon="1.72296">
        <time>2024-06-21T12:52:54Z</time>
      </trkpt>
      <trkpt lat="42.5308" lon="1.72291">
        <time>2024-06-21T12:52:54Z</time>
      </trkpt>
      <trkpt lat="42.53068" lon="1.72279">
        <time>2024-06-21T12:52:54Z</time>
      </trkpt>
      <trkpt lat="42.53057" lon="1.72268">
        <time>2024-06-21T12:52:54Z</time>
      </trkpt>
      <trkpt lat="42.53052" lon="1.72263">
        <time>2024-06-21T12:52:54Z</time>
      </trkpt>
      <trkpt lat="42.53044" lon="1.72255">
        <time>2024-06-21T12:52:54Z</time>
      </trkpt>
      <trkpt lat="42.53031" lon="1.72243">
        <time>2024-06-21T12:52:54Z</time>
      </trkpt>
      <trkpt lat="42.53025" lon="1.72237">
        <time>2024-06-21T12:52:54Z</time>
      </trkpt>
      <trkpt lat="42.53012" lon="1.72226">
        <time>2024-06-21T12:52:54Z</time>
      </trkpt>
      <trkpt lat="42.53007" lon="1.7222">
        <time>2024-06-21T12:52:54Z</time>
      </trkpt>
      <trkpt lat="42.53001" lon="1.72214">
        <time>2024-06-21T12:52:54Z</time>
      </trkpt>
      <trkpt lat="42.52996" lon="1.72209">
        <time>2024-06-21T12:52:54Z</time>
      </trkpt>
      <trkpt lat="42.52985" lon="1.72198">
        <time>2024-06-21T12:52:54Z</time>
      </trkpt>
      <trkpt lat="42.5298" lon="1.72192">
        <time>2024-06-21T12:52:54Z</time>
      </trkpt>
      <trkpt lat="42.52969" lon="1.72181">
        <time>2024-06-21T12:52:54Z</time>
      </trkpt>
      <trkpt lat="42.52964" lon="1.72175">
        <time>2024-06-21T12:52:54Z</time>
      </trkpt>
      <trkpt lat="42.52955" lon="1.72164">
        <time>2024-06-21T12:52:54Z</time>
      </trkpt>
      <trkpt lat="42.52951" lon="1.72158">
        <time>2024-06-21T12:52:54Z</time>
      </trkpt>
      <trkpt lat="42.52938" lon="1.72145">
        <time>2024-06-21T12:52:54Z</time>
      </trkpt>
      <trkpt lat="42.52932" lon="1.7214">
        <time>2024-06-21T12:52:54Z</time>
      </trkpt>
      <trkpt lat="42.52924" lon="1.72132">
        <time>2024-06-21T12:52:54Z</time>
      </trkpt>
      <trkpt lat="42.52918" lon="1.72127">
        <time>2024-06-21T12:52:54Z</time>
      </trkpt>
      <trkpt lat="42.52912" lon="1.72122">
        <time>2024-06-21T12:52:54Z</time>
      </trkpt>
      <trkpt lat="42.529" lon="1.7211">
        <time>2024-06-21T12:52:54Z</time>
      </trkpt>
      <trkpt lat="42.52889" lon="1.72099">
        <time>2024-06-21T12:52:54Z</time>
      </trkpt>
      <trkpt lat="42.52883" lon="1.72094">
        <time>2024-06-21T12:52:54Z</time>
      </trkpt>
      <trkpt lat="42.52878" lon="1.72088">
        <time>2024-06-21T12:52:54Z</time>
      </trkpt>
      <trkpt lat="42.52874" lon="1.72085">
        <time>2024-06-21T12:52:54Z</time>
      </trkpt>
      <trkpt lat="42.52867" lon="1.72079">
        <time>2024-06-21T12:52:54Z</time>
      </trkpt>
      <trkpt lat="42.52857" lon="1.72069">
        <time>2024-06-21T12:52:54Z</time>
      </trkpt>
      <trkpt lat="42.52845" lon="1.72058">
        <time>2024-06-21T12:52:54Z</time>
      </trkpt>
      <trkpt lat="42.52841" lon="1.72053">
        <time>2024-06-21T12:52:54Z</time>
      </trkpt>
      <trkpt lat="42.52828" lon="1.72042">
        <time>2024-06-21T12:52:54Z</time>
      </trkpt>
      <trkpt lat="42.52825" lon="1.72039">
        <time>2024-06-21T12:52:54Z</time>
      </trkpt>
      <trkpt lat="42.52819" lon="1.72038">
        <time>2024-06-21T12:52:54Z</time>
      </trkpt>
      <trkpt lat="42.52811" lon="1.72036">
        <time>2024-06-21T12:52:54Z</time>
      </trkpt>
      <trkpt lat="42.52803" lon="1.7203">
        <time>2024-06-21T12:52:54Z</time>
      </trkpt>
      <trkpt lat="42.52802" lon="1.72028">
        <time>2024-06-21T12:52:54Z</time>
      </trkpt>
      <trkpt lat="42.52794" lon="1.72029">
        <time>2024-06-21T12:52:54Z</time>
      </trkpt>
      <trkpt lat="42.52773" lon="1.72003">
        <time>2024-06-21T12:52:54Z</time>
      </trkpt>
      <trkpt lat="42.5275" lon="1.71961">
        <time>2024-06-21T12:52:54Z</time>
      </trkpt>
      <trkpt lat="42.52747" lon="1.71933">
        <time>2024-06-21T12:52:54Z</time>
      </trkpt>
      <trkpt lat="42.52731" lon="1.71885">
        <time>2024-06-21T12:52:54Z</time>
      </trkpt>
      <trkpt lat="42.52718" lon="1.71872">
        <time>2024-06-21T12:52:54Z</time>
      </trkpt>
      <trkpt lat="42.52702" lon="1.71858">
        <time>2024-06-21T12:52:54Z</time>
      </trkpt>
      <trkpt lat="42.52669" lon="1.71815">
        <time>2024-06-21T12:52:54Z</time>
      </trkpt>
      <trkpt lat="42.52658" lon="1.71782">
        <time>2024-06-21T12:52:54Z</time>
      </trkpt>
      <trkpt lat="42.52656" lon="1.71745">
        <time>2024-06-21T12:52:54Z</time>
      </trkpt>
      <trkpt lat="42.52661" lon="1.71704">
        <time>2024-06-21T12:52:54Z</time>
      </trkpt>
      <trkpt lat="42.52647" lon="1.71609">
        <time>2024-06-21T12:52:54Z</time>
      </trkpt>
      <trkpt lat="42.52637" lon="1.71513">
        <time>2024-06-21T12:52:54Z</time>
      </trkpt>
      <trkpt lat="42.52634" lon="1.7142">
        <time>2024-06-21T12:52:54Z</time>
      </trkpt>
      <trkpt lat="42.52636" lon="1.71378">
        <time>2024-06-21T12:52:54Z</time>
      </trkpt>
      <trkpt lat="42.52648" lon="1.71313">
        <time>2024-06-21T12:52:54Z</time>
      </trkpt>
      <trkpt lat="42.52662" lon="1.71289">
        <time>2024-06-21T12:52:54Z</time>
      </trkpt>
      <trkpt lat="42.52672" lon="1.71238">
        <time>2024-06-21T12:52:54Z</time>
      </trkpt>
      <trkpt lat="42.52674" lon="1.71212">
        <time>2024-06-21T12:52:54Z</time>
      </trkpt>
      <trkpt lat="42.52675" lon="1.71164">
        <time>2024-06-21T12:52:54Z</time>
      </trkpt>
      <trkpt lat="42.52676" lon="1.71144">
        <time>2024-06-21T12:52:54Z</time>
      </trkpt>
      <trkpt lat="42.52675" lon="1.71103">
        <time>2024-06-21T12:52:54Z</time>
      </trkpt>
      <trkpt lat="42.52678" lon="1.71077">
        <time>2024-06-21T12:52:54Z</time>
      </trkpt>
      <trkpt lat="42.52687" lon="1.71015">
        <time>2024-06-21T12:52:54Z</time>
      </trkpt>
      <trkpt lat="42.52694" lon="1.7098">
        <time>2024-06-21T12:52:54Z</time>
      </trkpt>
      <trkpt lat="42.52696" lon="1.70916">
        <time>2024-06-21T12:52:54Z</time>
      </trkpt>
      <trkpt lat="42.52693" lon="1.70852">
        <time>2024-06-21T12:52:54Z</time>
      </trkpt>
      <trkpt lat="42.52702" lon="1.70794">
        <time>2024-06-21T12:52:54Z</time>
      </trkpt>
      <trkpt lat="42.527" lon="1.7075">
        <time>2024-06-21T12:52:54Z</time>
      </trkpt>
      <trkpt lat="42.52711" lon="1.70725">
        <time>2024-06-21T12:52:54Z</time>
      </trkpt>
      <trkpt lat="42.5272" lon="1.70714">
        <time>2024-06-21T12:52:54Z</time>
      </trkpt>
      <trkpt lat="42.52738" lon="1.70687">
        <time>2024-06-21T12:52:54Z</time>
      </trkpt>
      <trkpt lat="42.52747" lon="1.70659">
        <time>2024-06-21T12:52:54Z</time>
      </trkpt>
      <trkpt lat="42.52759" lon="1.70646">
        <time>2024-06-21T12:52:54Z</time>
      </trkpt>
      <trkpt lat="42.52785" lon="1.70596">
        <time>2024-06-21T12:52:54Z</time>
      </trkpt>
      <trkpt lat="42.52797" lon="1.70563">
        <time>2024-06-21T12:52:54Z</time>
      </trkpt>
      <trkpt lat="42.52814" lon="1.70535">
        <time>2024-06-21T12:52:54Z</time>
      </trkpt>
      <trkpt lat="42.52845" lon="1.70458">
        <time>2024-06-21T12:52:54Z</time>
      </trkpt>
      <trkpt lat="42.52875" lon="1.70369">
        <time>2024-06-21T12:52:54Z</time>
      </trkpt>
      <trkpt lat="42.52912" lon="1.70285">
        <time>2024-06-21T12:52:54Z</time>
      </trkpt>
      <trkpt lat="42.52925" lon="1.70249">
        <time>2024-06-21T12:52:54Z</time>
      </trkpt>
      <trkpt lat="42.52963" lon="1.70173">
        <time>2024-06-21T12:52:54Z</time>
      </trkpt>
      <trkpt lat="42.53003" lon="1.70087">
        <time>2024-06-21T12:52:54Z</time>
      </trkpt>
      <trkpt lat="42.53016" lon="1.70045">
        <time>2024-06-21T12:52:54Z</time>
      </trkpt>
      <trkpt lat="42.53044" lon="1.69984">
        <time>2024-06-21T12:52:54Z</time>
      </trkpt>
      <trkpt lat="42.53044" lon="1.69951">
        <time>2024-06-21T12:52:54Z</time>
      </trkpt>
      <trkpt lat="42.53032" lon="1.69888">
        <time>2024-06-21T12:52:54Z</time>
      </trkpt>
      <trkpt lat="42.53023" lon="1.69859">
        <time>2024-06-21T12:52:54Z</time>
      </trkpt>
      <trkpt lat="42.53012" lon="1.69801">
        <time>2024-06-21T12:52:54Z</time>
      </trkpt>
      <trkpt lat="42.53013" lon="1.69741">
        <time>2024-06-21T12:52:54Z</time>
      </trkpt>
      <trkpt lat="42.53029" lon="1.69719">
        <time>2024-06-21T12:52:54Z</time>
      </trkpt>
      <trkpt lat="42.53042" lon="1.69696">
        <time>2024-06-21T12:52:54Z</time>
      </trkpt>
      <trkpt lat="42.53045" lon="1.69692">
        <time>2024-06-21T12:52:54Z</time>
      </trkpt>
      <trkpt lat="42.53042" lon="1.69696">
        <time>2024-06-21T12:52:54Z</time>
      </trkpt>
      <trkpt lat="42.53042" lon="1.69691">
        <time>2024-06-21T12:52:54Z</time>
      </trkpt>
      <trkpt lat="42.53043" lon="1.69684">
        <time>2024-06-21T12:52:54Z</time>
      </trkpt>
      <trkpt lat="42.53043" lon="1.69683">
        <time>2024-06-21T12:52:54Z</time>
      </trkpt>
      <trkpt lat="42.53046" lon="1.69672">
        <time>2024-06-21T12:52:54Z</time>
      </trkpt>
      <trkpt lat="42.53047" lon="1.69669">
        <time>2024-06-21T12:52:54Z</time>
      </trkpt>
      <trkpt lat="42.53054" lon="1.69641">
        <time>2024-06-21T12:52:54Z</time>
      </trkpt>
      <trkpt lat="42.53063" lon="1.69618">
        <time>2024-06-21T12:52:54Z</time>
      </trkpt>
      <trkpt lat="42.53079" lon="1.69592">
        <time>2024-06-21T12:52:54Z</time>
      </trkpt>
      <trkpt lat="42.53066" lon="1.69554">
        <time>2024-06-21T12:52:54Z</time>
      </trkpt>
      <trkpt lat="42.53067" lon="1.69543">
        <time>2024-06-21T12:52:54Z</time>
      </trkpt>
      <trkpt lat="42.53087" lon="1.69531">
        <time>2024-06-21T12:52:54Z</time>
      </trkpt>
      <trkpt lat="42.53097" lon="1.69515">
        <time>2024-06-21T12:52:54Z</time>
      </trkpt>
      <trkpt lat="42.53104" lon="1.69494">
        <time>2024-06-21T12:52:54Z</time>
      </trkpt>
      <trkpt lat="42.53106" lon="1.69488">
        <time>2024-06-21T12:52:54Z</time>
      </trkpt>
      <trkpt lat="42.53112" lon="1.6947">
        <time>2024-06-21T12:52:54Z</time>
      </trkpt>
      <trkpt lat="42.53115" lon="1.69461">
        <time>2024-06-21T12:52:54Z</time>
      </trkpt>
      <trkpt lat="42.53118" lon="1.69452">
        <time>2024-06-21T12:52:54Z</time>
      </trkpt>
      <trkpt lat="42.53124" lon="1.69434">
        <time>2024-06-21T12:52:54Z</time>
      </trkpt>
      <trkpt lat="42.53126" lon="1.69425">
        <time>2024-06-21T12:52:54Z</time>
      </trkpt>
      <trkpt lat="42.53134" lon="1.6941">
        <time>2024-06-21T12:52:54Z</time>
      </trkpt>
      <trkpt lat="42.53139" lon="1.69396">
        <time>2024-06-21T12:52:54Z</time>
      </trkpt>
      <trkpt lat="42.53144" lon="1.69379">
        <time>2024-06-21T12:52:54Z</time>
      </trkpt>
      <trkpt lat="42.53146" lon="1.69373">
        <time>2024-06-21T12:52:54Z</time>
      </trkpt>
      <trkpt lat="42.53148" lon="1.69364">
        <time>2024-06-21T12:52:54Z</time>
      </trkpt>
      <trkpt lat="42.53153" lon="1.69344">
        <time>2024-06-21T12:52:54Z</time>
      </trkpt>
      <trkpt lat="42.53156" lon="1.69334">
        <time>2024-06-21T12:52:54Z</time>
      </trkpt>
      <trkpt lat="42.53162" lon="1.6932">
        <time>2024-06-21T12:52:54Z</time>
      </trkpt>
      <trkpt lat="42.53165" lon="1.69312">
        <time>2024-06-21T12:52:54Z</time>
      </trkpt>
      <trkpt lat="42.53173" lon="1.69293">
        <time>2024-06-21T12:52:54Z</time>
      </trkpt>
      <trkpt lat="42.53181" lon="1.69277">
        <time>2024-06-21T12:52:54Z</time>
      </trkpt>
      <trkpt lat="42.53187" lon="1.6926">
        <time>2024-06-21T12:52:54Z</time>
      </trkpt>
      <trkpt lat="42.53193" lon="1.69244">
        <time>2024-06-21T12:52:54Z</time>
      </trkpt>
      <trkpt lat="42.53196" lon="1.69236">
        <time>2024-06-21T12:52:54Z</time>
      </trkpt>
      <trkpt lat="42.53199" lon="1.69228">
        <time>2024-06-21T12:52:54Z</time>
      </trkpt>
      <trkpt lat="42.53204" lon="1.69212">
        <time>2024-06-21T12:52:54Z</time>
      </trkpt>
      <trkpt lat="42.53207" lon="1.69204">
        <time>2024-06-21T12:52:54Z</time>
      </trkpt>
      <trkpt lat="42.53212" lon="1.69188">
        <time>2024-06-21T12:52:54Z</time>
      </trkpt>
      <trkpt lat="42.53217" lon="1.69174">
        <time>2024-06-21T12:52:54Z</time>
      </trkpt>
      <trkpt lat="42.53219" lon="1.69166">
        <time>2024-06-21T12:52:54Z</time>
      </trkpt>
      <trkpt lat="42.53226" lon="1.69151">
        <time>2024-06-21T12:52:54Z</time>
      </trkpt>
      <trkpt lat="42.53231" lon="1.69136">
        <time>2024-06-21T12:52:54Z</time>
      </trkpt>
      <trkpt lat="42.53234" lon="1.69127">
        <time>2024-06-21T12:52:54Z</time>
      </trkpt>
      <trkpt lat="42.53238" lon="1.69113">
        <time>2024-06-21T12:52:54Z</time>
      </trkpt>
      <trkpt lat="42.5324" lon="1.69105">
        <time>2024-06-21T12:52:54Z</time>
      </trkpt>
      <trkpt lat="42.53243" lon="1.69096">
        <time>2024-06-21T12:52:54Z</time>
      </trkpt>
      <trkpt lat="42.53247" lon="1.69082">
        <time>2024-06-21T12:52:54Z</time>
      </trkpt>
      <trkpt lat="42.5325" lon="1.69074">
        <time>2024-06-21T12:52:54Z</time>
      </trkpt>
      <trkpt lat="42.53253" lon="1.69063">
        <time>2024-06-21T12:52:54Z</time>
      </trkpt>
      <trkpt lat="42.53255" lon="1.69056">
        <time>2024-06-21T12:52:54Z</time>
      </trkpt>
      <trkpt lat="42.53259" lon="1.69042">
        <time>2024-06-21T12:52:54Z</time>
      </trkpt>
      <trkpt lat="42.53262" lon="1.69034">
        <time>2024-06-21T12:52:54Z</time>
      </trkpt>
      <trkpt lat="42.53269" lon="1.69017">
        <time>2024-06-21T12:52:54Z</time>
      </trkpt>
      <trkpt lat="42.53272" lon="1.6901">
        <time>2024-06-21T12:52:54Z</time>
      </trkpt>
      <trkpt lat="42.53278" lon="1.68994">
        <time>2024-06-21T12:52:54Z</time>
      </trkpt>
      <trkpt lat="42.53281" lon="1.68985">
        <time>2024-06-21T12:52:54Z</time>
      </trkpt>
      <trkpt lat="42.53287" lon="1.68968">
        <time>2024-06-21T12:52:54Z</time>
      </trkpt>
      <trkpt lat="42.5329" lon="1.6896">
        <time>2024-06-21T12:52:54Z</time>
      </trkpt>
      <trkpt lat="42.53296" lon="1.68943">
        <time>2024-06-21T12:52:54Z</time>
      </trkpt>
      <trkpt lat="42.53302" lon="1.68927">
        <time>2024-06-21T12:52:54Z</time>
      </trkpt>
      <trkpt lat="42.53304" lon="1.6892">
        <time>2024-06-21T12:52:54Z</time>
      </trkpt>
      <trkpt lat="42.53307" lon="1.68911">
        <time>2024-06-21T12:52:54Z</time>
      </trkpt>
      <trkpt lat="42.53313" lon="1.68894">
        <time>2024-06-21T12:52:54Z</time>
      </trkpt>
      <trkpt lat="42.53319" lon="1.68877">
        <time>2024-06-21T12:52:54Z</time>
      </trkpt>
      <trkpt lat="42.53322" lon="1.68868">
        <time>2024-06-21T12:52:54Z</time>
      </trkpt>
      <trkpt lat="42.53324" lon="1.68858">
        <time>2024-06-21T12:52:54Z</time>
      </trkpt>
      <trkpt lat="42.53327" lon="1.68849">
        <time>2024-06-21T12:52:54Z</time>
      </trkpt>
      <trkpt lat="42.53332" lon="1.68833">
        <time>2024-06-21T12:52:54Z</time>
      </trkpt>
      <trkpt lat="42.53334" lon="1.68824">
        <time>2024-06-21T12:52:54Z</time>
      </trkpt>
      <trkpt lat="42.53337" lon="1.68818">
        <time>2024-06-21T12:52:54Z</time>
      </trkpt>
      <trkpt lat="42.5334" lon="1.68808">
        <time>2024-06-21T12:52:54Z</time>
      </trkpt>
      <trkpt lat="42.53347" lon="1.68791">
        <time>2024-06-21T12:52:54Z</time>
      </trkpt>
      <trkpt lat="42.5335" lon="1.68782">
        <time>2024-06-21T12:52:54Z</time>
      </trkpt>
      <trkpt lat="42.53355" lon="1.68764">
        <time>2024-06-21T12:52:54Z</time>
      </trkpt>
      <trkpt lat="42.53358" lon="1.68756">
        <time>2024-06-21T12:52:54Z</time>
      </trkpt>
      <trkpt lat="42.53361" lon="1.68747">
        <time>2024-06-21T12:52:54Z</time>
      </trkpt>
      <trkpt lat="42.53367" lon="1.6873">
        <time>2024-06-21T12:52:54Z</time>
      </trkpt>
      <trkpt lat="42.53373" lon="1.68714">
        <time>2024-06-21T12:52:54Z</time>
      </trkpt>
      <trkpt lat="42.53378" lon="1.68697">
        <time>2024-06-21T12:52:54Z</time>
      </trkpt>
      <trkpt lat="42.53381" lon="1.68688">
        <time>2024-06-21T12:52:54Z</time>
      </trkpt>
      <trkpt lat="42.53384" lon="1.68681">
        <time>2024-06-21T12:52:54Z</time>
      </trkpt>
      <trkpt lat="42.53391" lon="1.68664">
        <time>2024-06-21T12:52:54Z</time>
      </trkpt>
      <trkpt lat="42.53394" lon="1.68656">
        <time>2024-06-21T12:52:54Z</time>
      </trkpt>
      <trkpt lat="42.53396" lon="1.68651">
        <time>2024-06-21T12:52:54Z</time>
      </trkpt>
      <trkpt lat="42.53401" lon="1.68633">
        <time>2024-06-21T12:52:54Z</time>
      </trkpt>
      <trkpt lat="42.53404" lon="1.68625">
        <time>2024-06-21T12:52:54Z</time>
      </trkpt>
      <trkpt lat="42.53407" lon="1.68617">
        <time>2024-06-21T12:52:54Z</time>
      </trkpt>
      <trkpt lat="42.53413" lon="1.68601">
        <time>2024-06-21T12:52:54Z</time>
      </trkpt>
      <trkpt lat="42.53419" lon="1.68584">
        <time>2024-06-21T12:52:54Z</time>
      </trkpt>
      <trkpt lat="42.53422" lon="1.68576">
        <time>2024-06-21T12:52:54Z</time>
      </trkpt>
      <trkpt lat="42.53425" lon="1.68567">
        <time>2024-06-21T12:52:54Z</time>
      </trkpt>
      <trkpt lat="42.53428" lon="1.68559">
        <time>2024-06-21T12:52:54Z</time>
      </trkpt>
      <trkpt lat="42.53433" lon="1.68542">
        <time>2024-06-21T12:52:54Z</time>
      </trkpt>
      <trkpt lat="42.53436" lon="1.68534">
        <time>2024-06-21T12:52:54Z</time>
      </trkpt>
      <trkpt lat="42.53438" lon="1.68525">
        <time>2024-06-21T12:52:54Z</time>
      </trkpt>
      <trkpt lat="42.53441" lon="1.68517">
        <time>2024-06-21T12:52:54Z</time>
      </trkpt>
      <trkpt lat="42.53444" lon="1.68509">
        <time>2024-06-21T12:52:54Z</time>
      </trkpt>
      <trkpt lat="42.53449" lon="1.68493">
        <time>2024-06-21T12:52:54Z</time>
      </trkpt>
      <trkpt lat="42.53452" lon="1.68484">
        <time>2024-06-21T12:52:54Z</time>
      </trkpt>
      <trkpt lat="42.53457" lon="1.6847">
        <time>2024-06-21T12:52:54Z</time>
      </trkpt>
      <trkpt lat="42.53461" lon="1.6846">
        <time>2024-06-21T12:52:54Z</time>
      </trkpt>
      <trkpt lat="42.53466" lon="1.68443">
        <time>2024-06-21T12:52:54Z</time>
      </trkpt>
      <trkpt lat="42.53469" lon="1.68435">
        <time>2024-06-21T12:52:54Z</time>
      </trkpt>
      <trkpt lat="42.53473" lon="1.68419">
        <time>2024-06-21T12:52:54Z</time>
      </trkpt>
      <trkpt lat="42.53478" lon="1.68405">
        <time>2024-06-21T12:52:54Z</time>
      </trkpt>
      <trkpt lat="42.53481" lon="1.68397">
        <time>2024-06-21T12:52:54Z</time>
      </trkpt>
      <trkpt lat="42.53486" lon="1.68383">
        <time>2024-06-21T12:52:54Z</time>
      </trkpt>
      <trkpt lat="42.53489" lon="1.68373">
        <time>2024-06-21T12:52:54Z</time>
      </trkpt>
      <trkpt lat="42.53492" lon="1.68365">
        <time>2024-06-21T12:52:54Z</time>
      </trkpt>
      <trkpt lat="42.53499" lon="1.6835">
        <time>2024-06-21T12:52:54Z</time>
      </trkpt>
      <trkpt lat="42.53502" lon="1.68343">
        <time>2024-06-21T12:52:54Z</time>
      </trkpt>
      <trkpt lat="42.53505" lon="1.68331">
        <time>2024-06-21T12:52:54Z</time>
      </trkpt>
      <trkpt lat="42.53506" lon="1.68322">
        <time>2024-06-21T12:52:54Z</time>
      </trkpt>
      <trkpt lat="42.53506" lon="1.68306">
        <time>2024-06-21T12:52:54Z</time>
      </trkpt>
      <trkpt lat="42.53506" lon="1.68295">
        <time>2024-06-21T12:52:54Z</time>
      </trkpt>
      <trkpt lat="42.53504" lon="1.68285">
        <time>2024-06-21T12:52:54Z</time>
      </trkpt>
      <trkpt lat="42.53503" lon="1.68277">
        <time>2024-06-21T12:52:54Z</time>
      </trkpt>
      <trkpt lat="42.53501" lon="1.68264">
        <time>2024-06-21T12:52:54Z</time>
      </trkpt>
      <trkpt lat="42.535" lon="1.68257">
        <time>2024-06-21T12:52:54Z</time>
      </trkpt>
      <trkpt lat="42.535" lon="1.6825">
        <time>2024-06-21T12:52:54Z</time>
      </trkpt>
      <trkpt lat="42.53519" lon="1.68266">
        <time>2024-06-21T12:52:54Z</time>
      </trkpt>
      <trkpt lat="42.53571" lon="1.68302">
        <time>2024-06-21T12:52:54Z</time>
      </trkpt>
      <trkpt lat="42.53586" lon="1.68313">
        <time>2024-06-21T12:52:54Z</time>
      </trkpt>
      <trkpt lat="42.53615" lon="1.68336">
        <time>2024-06-21T12:52:54Z</time>
      </trkpt>
      <trkpt lat="42.53629" lon="1.68346">
        <time>2024-06-21T12:52:54Z</time>
      </trkpt>
      <trkpt lat="42.53643" lon="1.68356">
        <time>2024-06-21T12:52:54Z</time>
      </trkpt>
      <trkpt lat="42.53658" lon="1.68359">
        <time>2024-06-21T12:52:54Z</time>
      </trkpt>
      <trkpt lat="42.53671" lon="1.68362">
        <time>2024-06-21T12:52:54Z</time>
      </trkpt>
      <trkpt lat="42.53708" lon="1.6836">
        <time>2024-06-21T12:52:54Z</time>
      </trkpt>
      <trkpt lat="42.53754" lon="1.68337">
        <time>2024-06-21T12:52:54Z</time>
      </trkpt>
      <trkpt lat="42.53797" lon="1.68302">
        <time>2024-06-21T12:52:54Z</time>
      </trkpt>
      <trkpt lat="42.53841" lon="1.68272">
        <time>2024-06-21T12:52:54Z</time>
      </trkpt>
      <trkpt lat="42.53896" lon="1.68243">
        <time>2024-06-21T12:52:54Z</time>
      </trkpt>
      <trkpt lat="42.53927" lon="1.68217">
        <time>2024-06-21T12:52:54Z</time>
      </trkpt>
      <trkpt lat="42.53958" lon="1.68206">
        <time>2024-06-21T12:52:54Z</time>
      </trkpt>
      <trkpt lat="42.53987" lon="1.68186">
        <time>2024-06-21T12:52:54Z</time>
      </trkpt>
      <trkpt lat="42.54031" lon="1.68133">
        <time>2024-06-21T12:52:54Z</time>
      </trkpt>
      <trkpt lat="42.54043" lon="1.68075">
        <time>2024-06-21T12:52:54Z</time>
      </trkpt>
      <trkpt lat="42.54042" lon="1.68035">
        <time>2024-06-21T12:52:54Z</time>
      </trkpt>
      <trkpt lat="42.54023" lon="1.67958">
        <time>2024-06-21T12:52:54Z</time>
      </trkpt>
      <trkpt lat="42.54011" lon="1.67926">
        <time>2024-06-21T12:52:54Z</time>
      </trkpt>
      <trkpt lat="42.53998" lon="1.67897">
        <time>2024-06-21T12:52:54Z</time>
      </trkpt>
      <trkpt lat="42.53988" lon="1.67866">
        <time>2024-06-21T12:52:54Z</time>
      </trkpt>
      <trkpt lat="42.53977" lon="1.67835">
        <time>2024-06-21T12:52:54Z</time>
      </trkpt>
      <trkpt lat="42.53962" lon="1.67807">
        <time>2024-06-21T12:52:54Z</time>
      </trkpt>
      <trkpt lat="42.53945" lon="1.6778">
        <time>2024-06-21T12:52:54Z</time>
      </trkpt>
      <trkpt lat="42.53927" lon="1.67755">
        <time>2024-06-21T12:52:54Z</time>
      </trkpt>
      <trkpt lat="42.53894" lon="1.67705">
        <time>2024-06-21T12:52:54Z</time>
      </trkpt>
      <trkpt lat="42.53867" lon="1.67659">
        <time>2024-06-21T12:52:54Z</time>
      </trkpt>
      <trkpt lat="42.53854" lon="1.67634">
        <time>2024-06-21T12:52:54Z</time>
      </trkpt>
      <trkpt lat="42.5383" lon="1.67583">
        <time>2024-06-21T12:52:54Z</time>
      </trkpt>
      <trkpt lat="42.53813" lon="1.67555">
        <time>2024-06-21T12:52:54Z</time>
      </trkpt>
      <trkpt lat="42.53812" lon="1.67561">
        <time>2024-06-21T12:52:54Z</time>
      </trkpt>
      <trkpt lat="42.53809" lon="1.67569">
        <time>2024-06-21T12:52:54Z</time>
      </trkpt>
      <trkpt lat="42.53809" lon="1.67571">
        <time>2024-06-21T12:52:54Z</time>
      </trkpt>
      <trkpt lat="42.53806" lon="1.67576">
        <time>2024-06-21T12:52:54Z</time>
      </trkpt>
      <trkpt lat="42.53802" lon="1.67584">
        <time>2024-06-21T12:52:54Z</time>
      </trkpt>
      <trkpt lat="42.53797" lon="1.67596">
        <time>2024-06-21T12:52:54Z</time>
      </trkpt>
      <trkpt lat="42.53793" lon="1.67603">
        <time>2024-06-21T12:52:54Z</time>
      </trkpt>
      <trkpt lat="42.5379" lon="1.6761">
        <time>2024-06-21T12:52:54Z</time>
      </trkpt>
      <trkpt lat="42.53787" lon="1.67617">
        <time>2024-06-21T12:52:54Z</time>
      </trkpt>
      <trkpt lat="42.53785" lon="1.67621">
        <time>2024-06-21T12:52:54Z</time>
      </trkpt>
      <trkpt lat="42.53779" lon="1.67631">
        <time>2024-06-21T12:52:54Z</time>
      </trkpt>
      <trkpt lat="42.53775" lon="1.67637">
        <time>2024-06-21T12:52:54Z</time>
      </trkpt>
      <trkpt lat="42.53773" lon="1.67641">
        <time>2024-06-21T12:52:54Z</time>
      </trkpt>
      <trkpt lat="42.5377" lon="1.67645">
        <time>2024-06-21T12:52:54Z</time>
      </trkpt>
      <trkpt lat="42.53768" lon="1.67649">
        <time>2024-06-21T12:52:54Z</time>
      </trkpt>
      <trkpt lat="42.53763" lon="1.67657">
        <time>2024-06-21T12:52:54Z</time>
      </trkpt>
      <trkpt lat="42.53761" lon="1.67661">
        <time>2024-06-21T12:52:54Z</time>
      </trkpt>
      <trkpt lat="42.53757" lon="1.67668">
        <time>2024-06-21T12:52:54Z</time>
      </trkpt>
      <trkpt lat="42.53753" lon="1.67675">
        <time>2024-06-21T12:52:54Z</time>
      </trkpt>
      <trkpt lat="42.53749" lon="1.67682">
        <time>2024-06-21T12:52:54Z</time>
      </trkpt>
      <trkpt lat="42.53741" lon="1.67697">
        <time>2024-06-21T12:52:54Z</time>
      </trkpt>
      <trkpt lat="42.53738" lon="1.67704">
        <time>2024-06-21T12:52:54Z</time>
      </trkpt>
      <trkpt lat="42.53736" lon="1.67708">
        <time>2024-06-21T12:52:54Z</time>
      </trkpt>
      <trkpt lat="42.53732" lon="1.67716">
        <time>2024-06-21T12:52:54Z</time>
      </trkpt>
      <trkpt lat="42.53728" lon="1.67723">
        <time>2024-06-21T12:52:54Z</time>
      </trkpt>
      <trkpt lat="42.53723" lon="1.67731">
        <time>2024-06-21T12:52:54Z</time>
      </trkpt>
      <trkpt lat="42.53718" lon="1.6774">
        <time>2024-06-21T12:52:54Z</time>
      </trkpt>
      <trkpt lat="42.53713" lon="1.6775">
        <time>2024-06-21T12:52:54Z</time>
      </trkpt>
      <trkpt lat="42.53708" lon="1.67757">
        <time>2024-06-21T12:52:54Z</time>
      </trkpt>
      <trkpt lat="42.53704" lon="1.67764">
        <time>2024-06-21T12:52:54Z</time>
      </trkpt>
      <trkpt lat="42.53701" lon="1.67771">
        <time>2024-06-21T12:52:54Z</time>
      </trkpt>
      <trkpt lat="42.53696" lon="1.67778">
        <time>2024-06-21T12:52:54Z</time>
      </trkpt>
      <trkpt lat="42.53692" lon="1.67786">
        <time>2024-06-21T12:52:54Z</time>
      </trkpt>
      <trkpt lat="42.5369" lon="1.6779">
        <time>2024-06-21T12:52:54Z</time>
      </trkpt>
      <trkpt lat="42.53685" lon="1.67797">
        <time>2024-06-21T12:52:54Z</time>
      </trkpt>
      <trkpt lat="42.53677" lon="1.67807">
        <time>2024-06-21T12:52:54Z</time>
      </trkpt>
      <trkpt lat="42.53674" lon="1.67816">
        <time>2024-06-21T12:52:54Z</time>
      </trkpt>
      <trkpt lat="42.53667" lon="1.67828">
        <time>2024-06-21T12:52:54Z</time>
      </trkpt>
      <trkpt lat="42.53665" lon="1.67832">
        <time>2024-06-21T12:52:54Z</time>
      </trkpt>
      <trkpt lat="42.53659" lon="1.67842">
        <time>2024-06-21T12:52:54Z</time>
      </trkpt>
      <trkpt lat="42.53653" lon="1.67853">
        <time>2024-06-21T12:52:54Z</time>
      </trkpt>
      <trkpt lat="42.5365" lon="1.67859">
        <time>2024-06-21T12:52:54Z</time>
      </trkpt>
      <trkpt lat="42.53646" lon="1.67866">
        <time>2024-06-21T12:52:54Z</time>
      </trkpt>
      <trkpt lat="42.53639" lon="1.67876">
        <time>2024-06-21T12:52:54Z</time>
      </trkpt>
      <trkpt lat="42.53636" lon="1.6788">
        <time>2024-06-21T12:52:54Z</time>
      </trkpt>
      <trkpt lat="42.53633" lon="1.67889">
        <time>2024-06-21T12:52:54Z</time>
      </trkpt>
      <trkpt lat="42.53631" lon="1.67893">
        <time>2024-06-21T12:52:54Z</time>
      </trkpt>
      <trkpt lat="42.53628" lon="1.67897">
        <time>2024-06-21T12:52:54Z</time>
      </trkpt>
      <trkpt lat="42.53625" lon="1.67905">
        <time>2024-06-21T12:52:54Z</time>
      </trkpt>
      <trkpt lat="42.53622" lon="1.67909">
        <time>2024-06-21T12:52:54Z</time>
      </trkpt>
      <trkpt lat="42.53618" lon="1.67916">
        <time>2024-06-21T12:52:54Z</time>
      </trkpt>
      <trkpt lat="42.53613" lon="1.67924">
        <time>2024-06-21T12:52:54Z</time>
      </trkpt>
      <trkpt lat="42.53606" lon="1.67935">
        <time>2024-06-21T12:52:54Z</time>
      </trkpt>
      <trkpt lat="42.53602" lon="1.67943">
        <time>2024-06-21T12:52:54Z</time>
      </trkpt>
      <trkpt lat="42.53595" lon="1.67954">
        <time>2024-06-21T12:52:54Z</time>
      </trkpt>
      <trkpt lat="42.53589" lon="1.67961">
        <time>2024-06-21T12:52:54Z</time>
      </trkpt>
      <trkpt lat="42.53583" lon="1.67973">
        <time>2024-06-21T12:52:54Z</time>
      </trkpt>
      <trkpt lat="42.5358" lon="1.6798">
        <time>2024-06-21T12:52:54Z</time>
      </trkpt>
      <trkpt lat="42.53574" lon="1.67992">
        <time>2024-06-21T12:52:54Z</time>
      </trkpt>
      <trkpt lat="42.53572" lon="1.67999">
        <time>2024-06-21T12:52:54Z</time>
      </trkpt>
      <trkpt lat="42.53569" lon="1.68006">
        <time>2024-06-21T12:52:54Z</time>
      </trkpt>
      <trkpt lat="42.53563" lon="1.68017">
        <time>2024-06-21T12:52:54Z</time>
      </trkpt>
      <trkpt lat="42.53561" lon="1.6802">
        <time>2024-06-21T12:52:54Z</time>
      </trkpt>
      <trkpt lat="42.53556" lon="1.68027">
        <time>2024-06-21T12:52:54Z</time>
      </trkpt>
      <trkpt lat="42.5355" lon="1.68038">
        <time>2024-06-21T12:52:54Z</time>
      </trkpt>
      <trkpt lat="42.53545" lon="1.68047">
        <time>2024-06-21T12:52:54Z</time>
      </trkpt>
      <trkpt lat="42.53541" lon="1.68054">
        <time>2024-06-21T12:52:54Z</time>
      </trkpt>
      <trkpt lat="42.53536" lon="1.68062">
        <time>2024-06-21T12:52:54Z</time>
      </trkpt>
      <trkpt lat="42.53531" lon="1.6807">
        <time>2024-06-21T12:52:54Z</time>
      </trkpt>
      <trkpt lat="42.53527" lon="1.68074">
        <time>2024-06-21T12:52:54Z</time>
      </trkpt>
      <trkpt lat="42.53523" lon="1.68078">
        <time>2024-06-21T12:52:54Z</time>
      </trkpt>
      <trkpt lat="42.53515" lon="1.68085">
        <time>2024-06-21T12:52:54Z</time>
      </trkpt>
      <trkpt lat="42.53512" lon="1.68088">
        <time>2024-06-21T12:52:54Z</time>
      </trkpt>
      <trkpt lat="42.53506" lon="1.68095">
        <time>2024-06-21T12:52:54Z</time>
      </trkpt>
      <trkpt lat="42.53499" lon="1.68102">
        <time>2024-06-21T12:52:54Z</time>
      </trkpt>
      <trkpt lat="42.53496" lon="1.68109">
        <time>2024-06-21T12:52:54Z</time>
      </trkpt>
      <trkpt lat="42.53489" lon="1.68123">
        <time>2024-06-21T12:52:54Z</time>
      </trkpt>
      <trkpt lat="42.53485" lon="1.6813">
        <time>2024-06-21T12:52:54Z</time>
      </trkpt>
      <trkpt lat="42.53481" lon="1.68136">
        <time>2024-06-21T12:52:54Z</time>
      </trkpt>
      <trkpt lat="42.53476" lon="1.68146">
        <time>2024-06-21T12:52:54Z</time>
      </trkpt>
      <trkpt lat="42.53471" lon="1.68155">
        <time>2024-06-21T12:52:54Z</time>
      </trkpt>
      <trkpt lat="42.53469" lon="1.68159">
        <time>2024-06-21T12:52:54Z</time>
      </trkpt>
      <trkpt lat="42.5346" lon="1.68171">
        <time>2024-06-21T12:52:54Z</time>
      </trkpt>
      <trkpt lat="42.53458" lon="1.68175">
        <time>2024-06-21T12:52:54Z</time>
      </trkpt>
      <trkpt lat="42.53454" lon="1.68183">
        <time>2024-06-21T12:52:54Z</time>
      </trkpt>
      <trkpt lat="42.5345" lon="1.6819">
        <time>2024-06-21T12:52:54Z</time>
      </trkpt>
      <trkpt lat="42.53447" lon="1.68194">
        <time>2024-06-21T12:52:54Z</time>
      </trkpt>
      <trkpt lat="42.53443" lon="1.68201">
        <time>2024-06-21T12:52:54Z</time>
      </trkpt>
      <trkpt lat="42.53439" lon="1.68209">
        <time>2024-06-21T12:52:54Z</time>
      </trkpt>
      <trkpt lat="42.53434" lon="1.6822">
        <time>2024-06-21T12:52:54Z</time>
      </trkpt>
      <trkpt lat="42.5343" lon="1.6823">
        <time>2024-06-21T12:52:54Z</time>
      </trkpt>
      <trkpt lat="42.53428" lon="1.68237">
        <time>2024-06-21T12:52:54Z</time>
      </trkpt>
      <trkpt lat="42.53434" lon="1.6826">
        <time>2024-06-21T12:52:54Z</time>
      </trkpt>
      <trkpt lat="42.53461" lon="1.68285">
        <time>2024-06-21T12:52:54Z</time>
      </trkpt>
      <trkpt lat="42.53474" lon="1.68296">
        <time>2024-06-21T12:52:54Z</time>
      </trkpt>
      <trkpt lat="42.53488" lon="1.683">
        <time>2024-06-21T12:52:54Z</time>
      </trkpt>
      <trkpt lat="42.53501" lon="1.68305">
        <time>2024-06-21T12:52:54Z</time>
      </trkpt>
      <trkpt lat="42.53508" lon="1.6832">
        <time>2024-06-21T12:52:54Z</time>
      </trkpt>
      <trkpt lat="42.53517" lon="1.68322">
        <time>2024-06-21T12:52:54Z</time>
      </trkpt>
      <trkpt lat="42.53578" lon="1.68336">
        <time>2024-06-21T12:52:54Z</time>
      </trkpt>
      <trkpt lat="42.53601" lon="1.68345">
        <time>2024-06-21T12:52:54Z</time>
      </trkpt>
      <trkpt lat="42.53634" lon="1.68376">
        <time>2024-06-21T12:52:54Z</time>
      </trkpt>
      <trkpt lat="42.53672" lon="1.68391">
        <time>2024-06-21T12:52:54Z</time>
      </trkpt>
      <trkpt lat="42.53695" lon="1.68403">
        <time>2024-06-21T12:52:54Z</time>
      </trkpt>
      <trkpt lat="42.53719" lon="1.68416">
        <time>2024-06-21T12:52:54Z</time>
      </trkpt>
      <trkpt lat="42.53743" lon="1.68427">
        <time>2024-06-21T12:52:54Z</time>
      </trkpt>
      <trkpt lat="42.53787" lon="1.68439">
        <time>2024-06-21T12:52:54Z</time>
      </trkpt>
      <trkpt lat="42.53807" lon="1.68443">
        <time>2024-06-21T12:52:54Z</time>
      </trkpt>
      <trkpt lat="42.53826" lon="1.68448">
        <time>2024-06-21T12:52:54Z</time>
      </trkpt>
      <trkpt lat="42.53862" lon="1.68461">
        <time>2024-06-21T12:52:54Z</time>
      </trkpt>
      <trkpt lat="42.5388" lon="1.68463">
        <time>2024-06-21T12:52:54Z</time>
      </trkpt>
      <trkpt lat="42.53898" lon="1.68456">
        <time>2024-06-21T12:52:54Z</time>
      </trkpt>
      <trkpt lat="42.5394" lon="1.68444">
        <time>2024-06-21T12:52:54Z</time>
      </trkpt>
      <trkpt lat="42.54" lon="1.68441">
        <time>2024-06-21T12:52:54Z</time>
      </trkpt>
      <trkpt lat="42.54029" lon="1.68437">
        <time>2024-06-21T12:52:54Z</time>
      </trkpt>
      <trkpt lat="42.54081" lon="1.68426">
        <time>2024-06-21T12:52:54Z</time>
      </trkpt>
      <trkpt lat="42.54132" lon="1.68417">
        <time>2024-06-21T12:52:54Z</time>
      </trkpt>
      <trkpt lat="42.54178" lon="1.68407">
        <time>2024-06-21T12:52:54Z</time>
      </trkpt>
      <trkpt lat="42.54214" lon="1.68403">
        <time>2024-06-21T12:52:54Z</time>
      </trkpt>
      <trkpt lat="42.54241" lon="1.68396">
        <time>2024-06-21T12:52:54Z</time>
      </trkpt>
      <trkpt lat="42.54266" lon="1.68392">
        <time>2024-06-21T12:52:54Z</time>
      </trkpt>
      <trkpt lat="42.54314" lon="1.68387">
        <time>2024-06-21T12:52:54Z</time>
      </trkpt>
      <trkpt lat="42.54336" lon="1.68384">
        <time>2024-06-21T12:52:54Z</time>
      </trkpt>
      <trkpt lat="42.54359" lon="1.6838">
        <time>2024-06-21T12:52:54Z</time>
      </trkpt>
      <trkpt lat="42.54403" lon="1.68371">
        <time>2024-06-21T12:52:54Z</time>
      </trkpt>
      <trkpt lat="42.5444" lon="1.68365">
        <time>2024-06-21T12:52:54Z</time>
      </trkpt>
      <trkpt lat="42.54457" lon="1.68367">
        <time>2024-06-21T12:52:54Z</time>
      </trkpt>
      <trkpt lat="42.54494" lon="1.68367">
        <time>2024-06-21T12:52:54Z</time>
      </trkpt>
      <trkpt lat="42.54536" lon="1.68374">
        <time>2024-06-21T12:52:54Z</time>
      </trkpt>
      <trkpt lat="42.5456" lon="1.68367">
        <time>2024-06-21T12:52:54Z</time>
      </trkpt>
      <trkpt lat="42.54583" lon="1.68352">
        <time>2024-06-21T12:52:54Z</time>
      </trkpt>
      <trkpt lat="42.54625" lon="1.68336">
        <time>2024-06-21T12:52:54Z</time>
      </trkpt>
      <trkpt lat="42.54653" lon="1.68317">
        <time>2024-06-21T12:52:54Z</time>
      </trkpt>
      <trkpt lat="42.54701" lon="1.6828">
        <time>2024-06-21T12:52:54Z</time>
      </trkpt>
      <trkpt lat="42.54759" lon="1.68233">
        <time>2024-06-21T12:52:54Z</time>
      </trkpt>
      <trkpt lat="42.54787" lon="1.68211">
        <time>2024-06-21T12:52:54Z</time>
      </trkpt>
      <trkpt lat="42.54838" lon="1.68163">
        <time>2024-06-21T12:52:54Z</time>
      </trkpt>
      <trkpt lat="42.54861" lon="1.68143">
        <time>2024-06-21T12:52:54Z</time>
      </trkpt>
      <trkpt lat="42.54905" lon="1.68104">
        <time>2024-06-21T12:52:54Z</time>
      </trkpt>
      <trkpt lat="42.54928" lon="1.68081">
        <time>2024-06-21T12:52:54Z</time>
      </trkpt>
      <trkpt lat="42.54979" lon="1.68028">
        <time>2024-06-21T12:52:54Z</time>
      </trkpt>
      <trkpt lat="42.55008" lon="1.6801">
        <time>2024-06-21T12:52:54Z</time>
      </trkpt>
      <trkpt lat="42.55053" lon="1.68034">
        <time>2024-06-21T12:52:54Z</time>
      </trkpt>
      <trkpt lat="42.55062" lon="1.68056">
        <time>2024-06-21T12:52:54Z</time>
      </trkpt>
      <trkpt lat="42.55078" lon="1.68035">
        <time>2024-06-21T12:52:54Z</time>
      </trkpt>
      <trkpt lat="42.55078" lon="1.68032">
        <time>2024-06-21T12:52:54Z</time>
      </trkpt>
      <trkpt lat="42.55076" lon="1.6804">
        <time>2024-06-21T12:52:54Z</time>
      </trkpt>
      <trkpt lat="42.55072" lon="1.68044">
        <time>2024-06-21T12:52:54Z</time>
      </trkpt>
      <trkpt lat="42.55083" lon="1.68079">
        <time>2024-06-21T12:52:54Z</time>
      </trkpt>
      <trkpt lat="42.55098" lon="1.68099">
        <time>2024-06-21T12:52:54Z</time>
      </trkpt>
      <trkpt lat="42.55105" lon="1.6811">
        <time>2024-06-21T12:52:54Z</time>
      </trkpt>
      <trkpt lat="42.55113" lon="1.68121">
        <time>2024-06-21T12:52:54Z</time>
      </trkpt>
      <trkpt lat="42.5513" lon="1.6815">
        <time>2024-06-21T12:52:54Z</time>
      </trkpt>
      <trkpt lat="42.55137" lon="1.68168">
        <time>2024-06-21T12:52:54Z</time>
      </trkpt>
      <trkpt lat="42.55145" lon="1.68209">
        <time>2024-06-21T12:52:54Z</time>
      </trkpt>
      <trkpt lat="42.55147" lon="1.6825">
        <time>2024-06-21T12:52:54Z</time>
      </trkpt>
      <trkpt lat="42.55145" lon="1.68286">
        <time>2024-06-21T12:52:54Z</time>
      </trkpt>
      <trkpt lat="42.5514" lon="1.68323">
        <time>2024-06-21T12:52:54Z</time>
      </trkpt>
      <trkpt lat="42.55136" lon="1.68341">
        <time>2024-06-21T12:52:54Z</time>
      </trkpt>
      <trkpt lat="42.55128" lon="1.68377">
        <time>2024-06-21T12:52:54Z</time>
      </trkpt>
      <trkpt lat="42.55118" lon="1.68413">
        <time>2024-06-21T12:52:54Z</time>
      </trkpt>
      <trkpt lat="42.55106" lon="1.68452">
        <time>2024-06-21T12:52:54Z</time>
      </trkpt>
      <trkpt lat="42.551" lon="1.68473">
        <time>2024-06-21T12:52:54Z</time>
      </trkpt>
      <trkpt lat="42.55086" lon="1.68516">
        <time>2024-06-21T12:52:54Z</time>
      </trkpt>
      <trkpt lat="42.55071" lon="1.68563">
        <time>2024-06-21T12:52:54Z</time>
      </trkpt>
      <trkpt lat="42.55062" lon="1.68585">
        <time>2024-06-21T12:52:54Z</time>
      </trkpt>
      <trkpt lat="42.55057" lon="1.6861">
        <time>2024-06-21T12:52:54Z</time>
      </trkpt>
      <trkpt lat="42.55039" lon="1.68659">
        <time>2024-06-21T12:52:54Z</time>
      </trkpt>
      <trkpt lat="42.55033" lon="1.68687">
        <time>2024-06-21T12:52:54Z</time>
      </trkpt>
      <trkpt lat="42.55038" lon="1.68716">
        <time>2024-06-21T12:52:54Z</time>
      </trkpt>
      <trkpt lat="42.55086" lon="1.68722">
        <time>2024-06-21T12:52:54Z</time>
      </trkpt>
      <trkpt lat="42.5511" lon="1.6872">
        <time>2024-06-21T12:52:54Z</time>
      </trkpt>
      <trkpt lat="42.5513" lon="1.68703">
        <time>2024-06-21T12:52:54Z</time>
      </trkpt>
      <trkpt lat="42.55184" lon="1.68683">
        <time>2024-06-21T12:52:54Z</time>
      </trkpt>
      <trkpt lat="42.55206" lon="1.68653">
        <time>2024-06-21T12:52:54Z</time>
      </trkpt>
      <trkpt lat="42.55226" lon="1.68629">
        <time>2024-06-21T12:52:54Z</time>
      </trkpt>
      <trkpt lat="42.55244" lon="1.68605">
        <time>2024-06-21T12:52:54Z</time>
      </trkpt>
      <trkpt lat="42.55282" lon="1.6857">
        <time>2024-06-21T12:52:54Z</time>
      </trkpt>
      <trkpt lat="42.55329" lon="1.68551">
        <time>2024-06-21T12:52:54Z</time>
      </trkpt>
      <trkpt lat="42.55354" lon="1.68551">
        <time>2024-06-21T12:52:54Z</time>
      </trkpt>
      <trkpt lat="42.5538" lon="1.68547">
        <time>2024-06-21T12:52:54Z</time>
      </trkpt>
      <trkpt lat="42.55427" lon="1.68534">
        <time>2024-06-21T12:52:54Z</time>
      </trkpt>
      <trkpt lat="42.55452" lon="1.68527">
        <time>2024-06-21T12:52:54Z</time>
      </trkpt>
      <trkpt lat="42.55488" lon="1.6857">
        <time>2024-06-21T12:52:54Z</time>
      </trkpt>
      <trkpt lat="42.55512" lon="1.68635">
        <time>2024-06-21T12:52:54Z</time>
      </trkpt>
      <trkpt lat="42.55512" lon="1.68686">
        <time>2024-06-21T12:52:54Z</time>
      </trkpt>
      <trkpt lat="42.55514" lon="1.68695">
        <time>2024-06-21T12:52:54Z</time>
      </trkpt>
      <trkpt lat="42.55515" lon="1.68716">
        <time>2024-06-21T12:52:54Z</time>
      </trkpt>
      <trkpt lat="42.55519" lon="1.68715">
        <time>2024-06-21T12:52:54Z</time>
      </trkpt>
      <trkpt lat="42.5552" lon="1.68714">
        <time>2024-06-21T12:52:54Z</time>
      </trkpt>
      <trkpt lat="42.55519" lon="1.68713">
        <time>2024-06-21T12:52:54Z</time>
      </trkpt>
      <trkpt lat="42.5552" lon="1.68708">
        <time>2024-06-21T12:52:54Z</time>
      </trkpt>
      <trkpt lat="42.55516" lon="1.6871">
        <time>2024-06-21T12:52:54Z</time>
      </trkpt>
      <trkpt lat="42.55508" lon="1.68707">
        <time>2024-06-21T12:52:54Z</time>
      </trkpt>
      <trkpt lat="42.55497" lon="1.68696">
        <time>2024-06-21T12:52:54Z</time>
      </trkpt>
      <trkpt lat="42.55495" lon="1.68682">
        <time>2024-06-21T12:52:54Z</time>
      </trkpt>
      <trkpt lat="42.55482" lon="1.68649">
        <time>2024-06-21T12:52:54Z</time>
      </trkpt>
      <trkpt lat="42.55469" lon="1.6862">
        <time>2024-06-21T12:52:54Z</time>
      </trkpt>
      <trkpt lat="42.55455" lon="1.68603">
        <time>2024-06-21T12:52:54Z</time>
      </trkpt>
      <trkpt lat="42.55441" lon="1.68583">
        <time>2024-06-21T12:52:54Z</time>
      </trkpt>
      <trkpt lat="42.55433" lon="1.68567">
        <time>2024-06-21T12:52:54Z</time>
      </trkpt>
      <trkpt lat="42.55427" lon="1.68553">
        <time>2024-06-21T12:52:54Z</time>
      </trkpt>
      <trkpt lat="42.55423" lon="1.68544">
        <time>2024-06-21T12:52:54Z</time>
      </trkpt>
      <trkpt lat="42.55416" lon="1.68528">
        <time>2024-06-21T12:52:54Z</time>
      </trkpt>
      <trkpt lat="42.55411" lon="1.68516">
        <time>2024-06-21T12:52:54Z</time>
      </trkpt>
      <trkpt lat="42.55404" lon="1.68503">
        <time>2024-06-21T12:52:54Z</time>
      </trkpt>
      <trkpt lat="42.554" lon="1.68494">
        <time>2024-06-21T12:52:54Z</time>
      </trkpt>
      <trkpt lat="42.55394" lon="1.68478">
        <time>2024-06-21T12:52:54Z</time>
      </trkpt>
      <trkpt lat="42.55393" lon="1.68471">
        <time>2024-06-21T12:52:54Z</time>
      </trkpt>
      <trkpt lat="42.5539" lon="1.68456">
        <time>2024-06-21T12:52:54Z</time>
      </trkpt>
      <trkpt lat="42.55386" lon="1.68443">
        <time>2024-06-21T12:52:54Z</time>
      </trkpt>
      <trkpt lat="42.55378" lon="1.68426">
        <time>2024-06-21T12:52:54Z</time>
      </trkpt>
      <trkpt lat="42.55368" lon="1.6841">
        <time>2024-06-21T12:52:54Z</time>
      </trkpt>
      <trkpt lat="42.55358" lon="1.68393">
        <time>2024-06-21T12:52:54Z</time>
      </trkpt>
      <trkpt lat="42.55353" lon="1.68386">
        <time>2024-06-21T12:52:54Z</time>
      </trkpt>
      <trkpt lat="42.55349" lon="1.68377">
        <time>2024-06-21T12:52:54Z</time>
      </trkpt>
      <trkpt lat="42.55341" lon="1.68361">
        <time>2024-06-21T12:52:54Z</time>
      </trkpt>
      <trkpt lat="42.55334" lon="1.68345">
        <time>2024-06-21T12:52:54Z</time>
      </trkpt>
      <trkpt lat="42.55325" lon="1.6833">
        <time>2024-06-21T12:52:54Z</time>
      </trkpt>
      <trkpt lat="42.55321" lon="1.68321">
        <time>2024-06-21T12:52:54Z</time>
      </trkpt>
      <trkpt lat="42.55313" lon="1.68305">
        <time>2024-06-21T12:52:54Z</time>
      </trkpt>
      <trkpt lat="42.55305" lon="1.6829">
        <time>2024-06-21T12:52:54Z</time>
      </trkpt>
      <trkpt lat="42.55303" lon="1.68282">
        <time>2024-06-21T12:52:54Z</time>
      </trkpt>
      <trkpt lat="42.55299" lon="1.68276">
        <time>2024-06-21T12:52:54Z</time>
      </trkpt>
      <trkpt lat="42.55292" lon="1.6826">
        <time>2024-06-21T12:52:54Z</time>
      </trkpt>
      <trkpt lat="42.55285" lon="1.68244">
        <time>2024-06-21T12:52:54Z</time>
      </trkpt>
      <trkpt lat="42.55281" lon="1.68236">
        <time>2024-06-21T12:52:54Z</time>
      </trkpt>
      <trkpt lat="42.55273" lon="1.68219">
        <time>2024-06-21T12:52:54Z</time>
      </trkpt>
      <trkpt lat="42.55265" lon="1.68205">
        <time>2024-06-21T12:52:54Z</time>
      </trkpt>
      <trkpt lat="42.55255" lon="1.68193">
        <time>2024-06-21T12:52:54Z</time>
      </trkpt>
      <trkpt lat="42.55249" lon="1.68185">
        <time>2024-06-21T12:52:54Z</time>
      </trkpt>
      <trkpt lat="42.55239" lon="1.68173">
        <time>2024-06-21T12:52:54Z</time>
      </trkpt>
      <trkpt lat="42.55234" lon="1.68164">
        <time>2024-06-21T12:52:54Z</time>
      </trkpt>
      <trkpt lat="42.55231" lon="1.68155">
        <time>2024-06-21T12:52:54Z</time>
      </trkpt>
      <trkpt lat="42.55225" lon="1.68137">
        <time>2024-06-21T12:52:54Z</time>
      </trkpt>
      <trkpt lat="42.55222" lon="1.68129">
        <time>2024-06-21T12:52:54Z</time>
      </trkpt>
      <trkpt lat="42.55218" lon="1.68115">
        <time>2024-06-21T12:52:54Z</time>
      </trkpt>
      <trkpt lat="42.55216" lon="1.68108">
        <time>2024-06-21T12:52:54Z</time>
      </trkpt>
      <trkpt lat="42.55214" lon="1.68102">
        <time>2024-06-21T12:52:54Z</time>
      </trkpt>
      <trkpt lat="42.55209" lon="1.68089">
        <time>2024-06-21T12:52:54Z</time>
      </trkpt>
      <trkpt lat="42.55205" lon="1.6808">
        <time>2024-06-21T12:52:54Z</time>
      </trkpt>
      <trkpt lat="42.55198" lon="1.68062">
        <time>2024-06-21T12:52:54Z</time>
      </trkpt>
      <trkpt lat="42.55191" lon="1.68046">
        <time>2024-06-21T12:52:54Z</time>
      </trkpt>
      <trkpt lat="42.55187" lon="1.68036">
        <time>2024-06-21T12:52:54Z</time>
      </trkpt>
      <trkpt lat="42.55179" lon="1.68018">
        <time>2024-06-21T12:52:54Z</time>
      </trkpt>
      <trkpt lat="42.55176" lon="1.68011">
        <time>2024-06-21T12:52:54Z</time>
      </trkpt>
      <trkpt lat="42.55168" lon="1.67996">
        <time>2024-06-21T12:52:54Z</time>
      </trkpt>
      <trkpt lat="42.55159" lon="1.67978">
        <time>2024-06-21T12:52:54Z</time>
      </trkpt>
      <trkpt lat="42.5515" lon="1.67961">
        <time>2024-06-21T12:52:54Z</time>
      </trkpt>
      <trkpt lat="42.55144" lon="1.67945">
        <time>2024-06-21T12:52:54Z</time>
      </trkpt>
      <trkpt lat="42.55141" lon="1.67937">
        <time>2024-06-21T12:52:54Z</time>
      </trkpt>
      <trkpt lat="42.55133" lon="1.67921">
        <time>2024-06-21T12:52:54Z</time>
      </trkpt>
      <trkpt lat="42.55125" lon="1.67905">
        <time>2024-06-21T12:52:54Z</time>
      </trkpt>
      <trkpt lat="42.55119" lon="1.6789">
        <time>2024-06-21T12:52:54Z</time>
      </trkpt>
      <trkpt lat="42.55112" lon="1.67877">
        <time>2024-06-21T12:52:54Z</time>
      </trkpt>
      <trkpt lat="42.55105" lon="1.6786">
        <time>2024-06-21T12:52:54Z</time>
      </trkpt>
      <trkpt lat="42.55101" lon="1.67852">
        <time>2024-06-21T12:52:54Z</time>
      </trkpt>
      <trkpt lat="42.55095" lon="1.67837">
        <time>2024-06-21T12:52:54Z</time>
      </trkpt>
      <trkpt lat="42.55088" lon="1.67819">
        <time>2024-06-21T12:52:54Z</time>
      </trkpt>
      <trkpt lat="42.55079" lon="1.67803">
        <time>2024-06-21T12:52:54Z</time>
      </trkpt>
      <trkpt lat="42.55071" lon="1.67786">
        <time>2024-06-21T12:52:54Z</time>
      </trkpt>
      <trkpt lat="42.55063" lon="1.67769">
        <time>2024-06-21T12:52:54Z</time>
      </trkpt>
      <trkpt lat="42.55059" lon="1.6776">
        <time>2024-06-21T12:52:54Z</time>
      </trkpt>
      <trkpt lat="42.55051" lon="1.67743">
        <time>2024-06-21T12:52:54Z</time>
      </trkpt>
      <trkpt lat="42.55048" lon="1.67736">
        <time>2024-06-21T12:52:54Z</time>
      </trkpt>
      <trkpt lat="42.55044" lon="1.67727">
        <time>2024-06-21T12:52:54Z</time>
      </trkpt>
      <trkpt lat="42.5504" lon="1.67719">
        <time>2024-06-21T12:52:54Z</time>
      </trkpt>
      <trkpt lat="42.55033" lon="1.67704">
        <time>2024-06-21T12:52:54Z</time>
      </trkpt>
      <trkpt lat="42.55029" lon="1.67696">
        <time>2024-06-21T12:52:54Z</time>
      </trkpt>
      <trkpt lat="42.55022" lon="1.67681">
        <time>2024-06-21T12:52:54Z</time>
      </trkpt>
      <trkpt lat="42.55014" lon="1.67666">
        <time>2024-06-21T12:52:54Z</time>
      </trkpt>
      <trkpt lat="42.55007" lon="1.67648">
        <time>2024-06-21T12:52:54Z</time>
      </trkpt>
      <trkpt lat="42.55004" lon="1.6764">
        <time>2024-06-21T12:52:54Z</time>
      </trkpt>
      <trkpt lat="42.55" lon="1.67631">
        <time>2024-06-21T12:52:54Z</time>
      </trkpt>
      <trkpt lat="42.54993" lon="1.67615">
        <time>2024-06-21T12:52:54Z</time>
      </trkpt>
      <trkpt lat="42.54988" lon="1.67606">
        <time>2024-06-21T12:52:54Z</time>
      </trkpt>
      <trkpt lat="42.5498" lon="1.6759">
        <time>2024-06-21T12:52:54Z</time>
      </trkpt>
      <trkpt lat="42.54977" lon="1.67583">
        <time>2024-06-21T12:52:54Z</time>
      </trkpt>
      <trkpt lat="42.5497" lon="1.67567">
        <time>2024-06-21T12:52:54Z</time>
      </trkpt>
      <trkpt lat="42.54966" lon="1.6756">
        <time>2024-06-21T12:52:54Z</time>
      </trkpt>
      <trkpt lat="42.54962" lon="1.67553">
        <time>2024-06-21T12:52:54Z</time>
      </trkpt>
      <trkpt lat="42.54957" lon="1.67539">
        <time>2024-06-21T12:52:54Z</time>
      </trkpt>
      <trkpt lat="42.54953" lon="1.67532">
        <time>2024-06-21T12:52:54Z</time>
      </trkpt>
      <trkpt lat="42.54949" lon="1.67524">
        <time>2024-06-21T12:52:54Z</time>
      </trkpt>
      <trkpt lat="42.54945" lon="1.67515">
        <time>2024-06-21T12:52:54Z</time>
      </trkpt>
      <trkpt lat="42.54939" lon="1.67499">
        <time>2024-06-21T12:52:54Z</time>
      </trkpt>
      <trkpt lat="42.54935" lon="1.67491">
        <time>2024-06-21T12:52:54Z</time>
      </trkpt>
      <trkpt lat="42.54928" lon="1.67475">
        <time>2024-06-21T12:52:54Z</time>
      </trkpt>
      <trkpt lat="42.54925" lon="1.67467">
        <time>2024-06-21T12:52:54Z</time>
      </trkpt>
      <trkpt lat="42.54918" lon="1.67452">
        <time>2024-06-21T12:52:54Z</time>
      </trkpt>
      <trkpt lat="42.54915" lon="1.67444">
        <time>2024-06-21T12:52:54Z</time>
      </trkpt>
      <trkpt lat="42.54912" lon="1.67438">
        <time>2024-06-21T12:52:54Z</time>
      </trkpt>
      <trkpt lat="42.54903" lon="1.6742">
        <time>2024-06-21T12:52:54Z</time>
      </trkpt>
      <trkpt lat="42.54895" lon="1.67403">
        <time>2024-06-21T12:52:54Z</time>
      </trkpt>
      <trkpt lat="42.54888" lon="1.67386">
        <time>2024-06-21T12:52:54Z</time>
      </trkpt>
      <trkpt lat="42.54884" lon="1.67378">
        <time>2024-06-21T12:52:54Z</time>
      </trkpt>
      <trkpt lat="42.5488" lon="1.6737">
        <time>2024-06-21T12:52:54Z</time>
      </trkpt>
      <trkpt lat="42.54871" lon="1.67353">
        <time>2024-06-21T12:52:54Z</time>
      </trkpt>
      <trkpt lat="42.54867" lon="1.67345">
        <time>2024-06-21T12:52:54Z</time>
      </trkpt>
      <trkpt lat="42.54863" lon="1.67337">
        <time>2024-06-21T12:52:54Z</time>
      </trkpt>
      <trkpt lat="42.54856" lon="1.67321">
        <time>2024-06-21T12:52:54Z</time>
      </trkpt>
      <trkpt lat="42.5485" lon="1.67305">
        <time>2024-06-21T12:52:54Z</time>
      </trkpt>
      <trkpt lat="42.54842" lon="1.67284">
        <time>2024-06-21T12:52:54Z</time>
      </trkpt>
      <trkpt lat="42.54839" lon="1.67276">
        <time>2024-06-21T12:52:54Z</time>
      </trkpt>
      <trkpt lat="42.54832" lon="1.6726">
        <time>2024-06-21T12:52:54Z</time>
      </trkpt>
      <trkpt lat="42.54829" lon="1.67251">
        <time>2024-06-21T12:52:54Z</time>
      </trkpt>
      <trkpt lat="42.54826" lon="1.67242">
        <time>2024-06-21T12:52:54Z</time>
      </trkpt>
      <trkpt lat="42.54823" lon="1.67234">
        <time>2024-06-21T12:52:54Z</time>
      </trkpt>
      <trkpt lat="42.54815" lon="1.67221">
        <time>2024-06-21T12:52:54Z</time>
      </trkpt>
      <trkpt lat="42.54808" lon="1.67207">
        <time>2024-06-21T12:52:54Z</time>
      </trkpt>
      <trkpt lat="42.54804" lon="1.67199">
        <time>2024-06-21T12:52:54Z</time>
      </trkpt>
      <trkpt lat="42.548" lon="1.67192">
        <time>2024-06-21T12:52:54Z</time>
      </trkpt>
      <trkpt lat="42.54793" lon="1.67178">
        <time>2024-06-21T12:52:54Z</time>
      </trkpt>
      <trkpt lat="42.54786" lon="1.67165">
        <time>2024-06-21T12:52:54Z</time>
      </trkpt>
      <trkpt lat="42.54782" lon="1.67156">
        <time>2024-06-21T12:52:54Z</time>
      </trkpt>
      <trkpt lat="42.54775" lon="1.67141">
        <time>2024-06-21T12:52:54Z</time>
      </trkpt>
      <trkpt lat="42.54768" lon="1.67125">
        <time>2024-06-21T12:52:54Z</time>
      </trkpt>
      <trkpt lat="42.54764" lon="1.67117">
        <time>2024-06-21T12:52:54Z</time>
      </trkpt>
      <trkpt lat="42.5476" lon="1.67109">
        <time>2024-06-21T12:52:54Z</time>
      </trkpt>
      <trkpt lat="42.54756" lon="1.67101">
        <time>2024-06-21T12:52:54Z</time>
      </trkpt>
      <trkpt lat="42.54747" lon="1.67084">
        <time>2024-06-21T12:52:54Z</time>
      </trkpt>
      <trkpt lat="42.54738" lon="1.67068">
        <time>2024-06-21T12:52:54Z</time>
      </trkpt>
      <trkpt lat="42.54731" lon="1.67051">
        <time>2024-06-21T12:52:54Z</time>
      </trkpt>
      <trkpt lat="42.54727" lon="1.67043">
        <time>2024-06-21T12:52:54Z</time>
      </trkpt>
      <trkpt lat="42.54723" lon="1.67033">
        <time>2024-06-21T12:52:54Z</time>
      </trkpt>
      <trkpt lat="42.5472" lon="1.67023">
        <time>2024-06-21T12:52:54Z</time>
      </trkpt>
      <trkpt lat="42.54711" lon="1.67007">
        <time>2024-06-21T12:52:54Z</time>
      </trkpt>
      <trkpt lat="42.54703" lon="1.66991">
        <time>2024-06-21T12:52:54Z</time>
      </trkpt>
      <trkpt lat="42.54698" lon="1.66982">
        <time>2024-06-21T12:52:54Z</time>
      </trkpt>
      <trkpt lat="42.5469" lon="1.66966">
        <time>2024-06-21T12:52:54Z</time>
      </trkpt>
      <trkpt lat="42.54686" lon="1.66957">
        <time>2024-06-21T12:52:54Z</time>
      </trkpt>
      <trkpt lat="42.54682" lon="1.6695">
        <time>2024-06-21T12:52:54Z</time>
      </trkpt>
      <trkpt lat="42.54676" lon="1.66937">
        <time>2024-06-21T12:52:54Z</time>
      </trkpt>
      <trkpt lat="42.54674" lon="1.66929">
        <time>2024-06-21T12:52:54Z</time>
      </trkpt>
      <trkpt lat="42.54666" lon="1.66912">
        <time>2024-06-21T12:52:54Z</time>
      </trkpt>
      <trkpt lat="42.5466" lon="1.66897">
        <time>2024-06-21T12:52:54Z</time>
      </trkpt>
      <trkpt lat="42.54651" lon="1.66881">
        <time>2024-06-21T12:52:54Z</time>
      </trkpt>
      <trkpt lat="42.54648" lon="1.66874">
        <time>2024-06-21T12:52:54Z</time>
      </trkpt>
      <trkpt lat="42.54644" lon="1.66864">
        <time>2024-06-21T12:52:54Z</time>
      </trkpt>
      <trkpt lat="42.54635" lon="1.66846">
        <time>2024-06-21T12:52:54Z</time>
      </trkpt>
      <trkpt lat="42.54632" lon="1.66838">
        <time>2024-06-21T12:52:54Z</time>
      </trkpt>
      <trkpt lat="42.54626" lon="1.66825">
        <time>2024-06-21T12:52:54Z</time>
      </trkpt>
      <trkpt lat="42.54622" lon="1.66815">
        <time>2024-06-21T12:52:54Z</time>
      </trkpt>
      <trkpt lat="42.54615" lon="1.66798">
        <time>2024-06-21T12:52:54Z</time>
      </trkpt>
      <trkpt lat="42.54611" lon="1.66791">
        <time>2024-06-21T12:52:54Z</time>
      </trkpt>
      <trkpt lat="42.54602" lon="1.66774">
        <time>2024-06-21T12:52:54Z</time>
      </trkpt>
      <trkpt lat="42.54598" lon="1.66765">
        <time>2024-06-21T12:52:54Z</time>
      </trkpt>
      <trkpt lat="42.54593" lon="1.66756">
        <time>2024-06-21T12:52:54Z</time>
      </trkpt>
      <trkpt lat="42.54585" lon="1.6674">
        <time>2024-06-21T12:52:54Z</time>
      </trkpt>
      <trkpt lat="42.54581" lon="1.66731">
        <time>2024-06-21T12:52:54Z</time>
      </trkpt>
      <trkpt lat="42.54577" lon="1.66723">
        <time>2024-06-21T12:52:54Z</time>
      </trkpt>
      <trkpt lat="42.54573" lon="1.66715">
        <time>2024-06-21T12:52:54Z</time>
      </trkpt>
      <trkpt lat="42.54566" lon="1.667">
        <time>2024-06-21T12:52:54Z</time>
      </trkpt>
      <trkpt lat="42.54562" lon="1.66692">
        <time>2024-06-21T12:52:54Z</time>
      </trkpt>
      <trkpt lat="42.54555" lon="1.66679">
        <time>2024-06-21T12:52:54Z</time>
      </trkpt>
      <trkpt lat="42.54551" lon="1.66671">
        <time>2024-06-21T12:52:54Z</time>
      </trkpt>
      <trkpt lat="42.54543" lon="1.66655">
        <time>2024-06-21T12:52:54Z</time>
      </trkpt>
      <trkpt lat="42.5454" lon="1.66647">
        <time>2024-06-21T12:52:54Z</time>
      </trkpt>
      <trkpt lat="42.54532" lon="1.66632">
        <time>2024-06-21T12:52:54Z</time>
      </trkpt>
      <trkpt lat="42.54525" lon="1.66617">
        <time>2024-06-21T12:52:54Z</time>
      </trkpt>
      <trkpt lat="42.54517" lon="1.66605">
        <time>2024-06-21T12:52:54Z</time>
      </trkpt>
      <trkpt lat="42.54515" lon="1.66599">
        <time>2024-06-21T12:52:54Z</time>
      </trkpt>
      <trkpt lat="42.54507" lon="1.66582">
        <time>2024-06-21T12:52:54Z</time>
      </trkpt>
      <trkpt lat="42.545" lon="1.66566">
        <time>2024-06-21T12:52:54Z</time>
      </trkpt>
      <trkpt lat="42.54497" lon="1.66559">
        <time>2024-06-21T12:52:54Z</time>
      </trkpt>
      <trkpt lat="42.54489" lon="1.66543">
        <time>2024-06-21T12:52:54Z</time>
      </trkpt>
      <trkpt lat="42.54486" lon="1.66534">
        <time>2024-06-21T12:52:54Z</time>
      </trkpt>
      <trkpt lat="42.54482" lon="1.66525">
        <time>2024-06-21T12:52:54Z</time>
      </trkpt>
      <trkpt lat="42.54474" lon="1.66508">
        <time>2024-06-21T12:52:54Z</time>
      </trkpt>
      <trkpt lat="42.54469" lon="1.66499">
        <time>2024-06-21T12:52:54Z</time>
      </trkpt>
      <trkpt lat="42.54463" lon="1.66484">
        <time>2024-06-21T12:52:54Z</time>
      </trkpt>
      <trkpt lat="42.54455" lon="1.66467">
        <time>2024-06-21T12:52:54Z</time>
      </trkpt>
      <trkpt lat="42.54448" lon="1.66452">
        <time>2024-06-21T12:52:54Z</time>
      </trkpt>
      <trkpt lat="42.54445" lon="1.66442">
        <time>2024-06-21T12:52:54Z</time>
      </trkpt>
      <trkpt lat="42.54438" lon="1.66429">
        <time>2024-06-21T12:52:54Z</time>
      </trkpt>
      <trkpt lat="42.54432" lon="1.66415">
        <time>2024-06-21T12:52:54Z</time>
      </trkpt>
      <trkpt lat="42.54424" lon="1.66399">
        <time>2024-06-21T12:52:54Z</time>
      </trkpt>
      <trkpt lat="42.54415" lon="1.66383">
        <time>2024-06-21T12:52:54Z</time>
      </trkpt>
      <trkpt lat="42.54409" lon="1.66368">
        <time>2024-06-21T12:52:54Z</time>
      </trkpt>
      <trkpt lat="42.54401" lon="1.66351">
        <time>2024-06-21T12:52:54Z</time>
      </trkpt>
      <trkpt lat="42.54392" lon="1.66335">
        <time>2024-06-21T12:52:54Z</time>
      </trkpt>
      <trkpt lat="42.54387" lon="1.66327">
        <time>2024-06-21T12:52:54Z</time>
      </trkpt>
      <trkpt lat="42.54383" lon="1.66319">
        <time>2024-06-21T12:52:54Z</time>
      </trkpt>
      <trkpt lat="42.54376" lon="1.66305">
        <time>2024-06-21T12:52:54Z</time>
      </trkpt>
      <trkpt lat="42.54372" lon="1.66298">
        <time>2024-06-21T12:52:54Z</time>
      </trkpt>
      <trkpt lat="42.54364" lon="1.66284">
        <time>2024-06-21T12:52:54Z</time>
      </trkpt>
      <trkpt lat="42.5436" lon="1.66276">
        <time>2024-06-21T12:52:54Z</time>
      </trkpt>
      <trkpt lat="42.54357" lon="1.66268">
        <time>2024-06-21T12:52:54Z</time>
      </trkpt>
      <trkpt lat="42.54351" lon="1.66254">
        <time>2024-06-21T12:52:54Z</time>
      </trkpt>
      <trkpt lat="42.54347" lon="1.66245">
        <time>2024-06-21T12:52:54Z</time>
      </trkpt>
      <trkpt lat="42.54342" lon="1.66232">
        <time>2024-06-21T12:52:54Z</time>
      </trkpt>
      <trkpt lat="42.54336" lon="1.66217">
        <time>2024-06-21T12:52:54Z</time>
      </trkpt>
      <trkpt lat="42.54332" lon="1.66209">
        <time>2024-06-21T12:52:54Z</time>
      </trkpt>
      <trkpt lat="42.5433" lon="1.66204">
        <time>2024-06-21T12:52:54Z</time>
      </trkpt>
      <trkpt lat="42.54326" lon="1.66193">
        <time>2024-06-21T12:52:54Z</time>
      </trkpt>
      <trkpt lat="42.54321" lon="1.66183">
        <time>2024-06-21T12:52:54Z</time>
      </trkpt>
      <trkpt lat="42.54317" lon="1.66177">
        <time>2024-06-21T12:52:54Z</time>
      </trkpt>
      <trkpt lat="42.54315" lon="1.66172">
        <time>2024-06-21T12:52:54Z</time>
      </trkpt>
      <trkpt lat="42.54308" lon="1.66162">
        <time>2024-06-21T12:52:54Z</time>
      </trkpt>
      <trkpt lat="42.54304" lon="1.66154">
        <time>2024-06-21T12:52:54Z</time>
      </trkpt>
      <trkpt lat="42.543" lon="1.66144">
        <time>2024-06-21T12:52:54Z</time>
      </trkpt>
      <trkpt lat="42.54291" lon="1.66129">
        <time>2024-06-21T12:52:54Z</time>
      </trkpt>
      <trkpt lat="42.54279" lon="1.66119">
        <time>2024-06-21T12:52:54Z</time>
      </trkpt>
      <trkpt lat="42.54272" lon="1.66115">
        <time>2024-06-21T12:52:54Z</time>
      </trkpt>
      <trkpt lat="42.54252" lon="1.66107">
        <time>2024-06-21T12:52:54Z</time>
      </trkpt>
      <trkpt lat="42.54239" lon="1.66101">
        <time>2024-06-21T12:52:54Z</time>
      </trkpt>
      <trkpt lat="42.54235" lon="1.66091">
        <time>2024-06-21T12:52:54Z</time>
      </trkpt>
      <trkpt lat="42.54231" lon="1.66072">
        <time>2024-06-21T12:52:54Z</time>
      </trkpt>
      <trkpt lat="42.54227" lon="1.66064">
        <time>2024-06-21T12:52:54Z</time>
      </trkpt>
      <trkpt lat="42.54217" lon="1.66056">
        <time>2024-06-21T12:52:54Z</time>
      </trkpt>
      <trkpt lat="42.54232" lon="1.66051">
        <time>2024-06-21T12:52:54Z</time>
      </trkpt>
      <trkpt lat="42.54233" lon="1.66055">
        <time>2024-06-21T12:52:54Z</time>
      </trkpt>
      <trkpt lat="42.54203" lon="1.66046">
        <time>2024-06-21T12:52:54Z</time>
      </trkpt>
      <trkpt lat="42.54213" lon="1.66052">
        <time>2024-06-21T12:52:54Z</time>
      </trkpt>
      <trkpt lat="42.54221" lon="1.66059">
        <time>2024-06-21T12:52:54Z</time>
      </trkpt>
      <trkpt lat="42.54216" lon="1.66072">
        <time>2024-06-21T12:52:54Z</time>
      </trkpt>
      <trkpt lat="42.54192" lon="1.66073">
        <time>2024-06-21T12:52:54Z</time>
      </trkpt>
      <trkpt lat="42.54175" lon="1.66074">
        <time>2024-06-21T12:52:54Z</time>
      </trkpt>
      <trkpt lat="42.54135" lon="1.66091">
        <time>2024-06-21T12:52:54Z</time>
      </trkpt>
      <trkpt lat="42.54084" lon="1.66103">
        <time>2024-06-21T12:52:54Z</time>
      </trkpt>
      <trkpt lat="42.54037" lon="1.66129">
        <time>2024-06-21T12:52:54Z</time>
      </trkpt>
      <trkpt lat="42.53986" lon="1.66134">
        <time>2024-06-21T12:52:54Z</time>
      </trkpt>
      <trkpt lat="42.53952" lon="1.66159">
        <time>2024-06-21T12:52:54Z</time>
      </trkpt>
      <trkpt lat="42.53954" lon="1.66178">
        <time>2024-06-21T12:52:54Z</time>
      </trkpt>
      <trkpt lat="42.53956" lon="1.66178">
        <time>2024-06-21T12:52:54Z</time>
      </trkpt>
      <trkpt lat="42.5395" lon="1.66278">
        <time>2024-06-21T12:52:54Z</time>
      </trkpt>
      <trkpt lat="42.53949" lon="1.66362">
        <time>2024-06-21T12:52:54Z</time>
      </trkpt>
      <trkpt lat="42.53945" lon="1.66407">
        <time>2024-06-21T12:52:54Z</time>
      </trkpt>
      <trkpt lat="42.53951" lon="1.66452">
        <time>2024-06-21T12:52:54Z</time>
      </trkpt>
      <trkpt lat="42.5395" lon="1.66545">
        <time>2024-06-21T12:52:54Z</time>
      </trkpt>
      <trkpt lat="42.53951" lon="1.66641">
        <time>2024-06-21T12:52:54Z</time>
      </trkpt>
      <trkpt lat="42.5395" lon="1.66691">
        <time>2024-06-21T12:52:54Z</time>
      </trkpt>
      <trkpt lat="42.53946" lon="1.6678">
        <time>2024-06-21T12:52:54Z</time>
      </trkpt>
      <trkpt lat="42.53939" lon="1.66812">
        <time>2024-06-21T12:52:54Z</time>
      </trkpt>
      <trkpt lat="42.53914" lon="1.66827">
        <time>2024-06-21T12:52:54Z</time>
      </trkpt>
      <trkpt lat="42.53911" lon="1.66841">
        <time>2024-06-21T12:52:54Z</time>
      </trkpt>
      <trkpt lat="42.53914" lon="1.6689">
        <time>2024-06-21T12:52:54Z</time>
      </trkpt>
      <trkpt lat="42.53901" lon="1.6695">
        <time>2024-06-21T12:52:54Z</time>
      </trkpt>
      <trkpt lat="42.53891" lon="1.66987">
        <time>2024-06-21T12:52:54Z</time>
      </trkpt>
      <trkpt lat="42.53862" lon="1.67063">
        <time>2024-06-21T12:52:54Z</time>
      </trkpt>
      <trkpt lat="42.53827" lon="1.6712">
        <time>2024-06-21T12:52:54Z</time>
      </trkpt>
      <trkpt lat="42.53799" lon="1.67155">
        <time>2024-06-21T12:52:54Z</time>
      </trkpt>
      <trkpt lat="42.53776" lon="1.67185">
        <time>2024-06-21T12:52:54Z</time>
      </trkpt>
      <trkpt lat="42.5377" lon="1.67206">
        <time>2024-06-21T12:52:54Z</time>
      </trkpt>
      <trkpt lat="42.53765" lon="1.67249">
        <time>2024-06-21T12:52:54Z</time>
      </trkpt>
      <trkpt lat="42.53758" lon="1.67295">
        <time>2024-06-21T12:52:54Z</time>
      </trkpt>
      <trkpt lat="42.53754" lon="1.67345">
        <time>2024-06-21T12:52:54Z</time>
      </trkpt>
      <trkpt lat="42.53758" lon="1.67392">
        <time>2024-06-21T12:52:54Z</time>
      </trkpt>
      <trkpt lat="42.53764" lon="1.67417">
        <time>2024-06-21T12:52:54Z</time>
      </trkpt>
      <trkpt lat="42.53771" lon="1.67441">
        <time>2024-06-21T12:52:54Z</time>
      </trkpt>
      <trkpt lat="42.53778" lon="1.67466">
        <time>2024-06-21T12:52:54Z</time>
      </trkpt>
      <trkpt lat="42.53786" lon="1.6749">
        <time>2024-06-21T12:52:54Z</time>
      </trkpt>
      <trkpt lat="42.538" lon="1.67526">
        <time>2024-06-21T12:52:54Z</time>
      </trkpt>
      <trkpt lat="42.53805" lon="1.67538">
        <time>2024-06-21T12:52:54Z</time>
      </trkpt>
      <trkpt lat="42.53811" lon="1.67549">
        <time>2024-06-21T12:52:54Z</time>
      </trkpt>
      <trkpt lat="42.5381" lon="1.67556">
        <time>2024-06-21T12:52:54Z</time>
      </trkpt>
      <trkpt lat="42.53809" lon="1.67561">
        <time>2024-06-21T12:52:54Z</time>
      </trkpt>
      <trkpt lat="42.53808" lon="1.67567">
        <time>2024-06-21T12:52:54Z</time>
      </trkpt>
      <trkpt lat="42.53802" lon="1.67577">
        <time>2024-06-21T12:52:54Z</time>
      </trkpt>
      <trkpt lat="42.53797" lon="1.67586">
        <time>2024-06-21T12:52:54Z</time>
      </trkpt>
      <trkpt lat="42.53794" lon="1.67595">
        <time>2024-06-21T12:52:54Z</time>
      </trkpt>
      <trkpt lat="42.53788" lon="1.67607">
        <time>2024-06-21T12:52:54Z</time>
      </trkpt>
      <trkpt lat="42.53785" lon="1.67611">
        <time>2024-06-21T12:52:54Z</time>
      </trkpt>
      <trkpt lat="42.53779" lon="1.67618">
        <time>2024-06-21T12:52:54Z</time>
      </trkpt>
      <trkpt lat="42.53773" lon="1.6763">
        <time>2024-06-21T12:52:54Z</time>
      </trkpt>
      <trkpt lat="42.5377" lon="1.67636">
        <time>2024-06-21T12:52:54Z</time>
      </trkpt>
      <trkpt lat="42.53764" lon="1.6765">
        <time>2024-06-21T12:52:54Z</time>
      </trkpt>
      <trkpt lat="42.53758" lon="1.6766">
        <time>2024-06-21T12:52:54Z</time>
      </trkpt>
      <trkpt lat="42.53752" lon="1.67666">
        <time>2024-06-21T12:52:54Z</time>
      </trkpt>
      <trkpt lat="42.53746" lon="1.67678">
        <time>2024-06-21T12:52:54Z</time>
      </trkpt>
      <trkpt lat="42.53741" lon="1.67687">
        <time>2024-06-21T12:52:54Z</time>
      </trkpt>
      <trkpt lat="42.53737" lon="1.67694">
        <time>2024-06-21T12:52:54Z</time>
      </trkpt>
      <trkpt lat="42.53732" lon="1.67706">
        <time>2024-06-21T12:52:54Z</time>
      </trkpt>
      <trkpt lat="42.53726" lon="1.67716">
        <time>2024-06-21T12:52:54Z</time>
      </trkpt>
      <trkpt lat="42.53722" lon="1.67725">
        <time>2024-06-21T12:52:54Z</time>
      </trkpt>
      <trkpt lat="42.53718" lon="1.67729">
        <time>2024-06-21T12:52:54Z</time>
      </trkpt>
      <trkpt lat="42.53713" lon="1.67735">
        <time>2024-06-21T12:52:54Z</time>
      </trkpt>
      <trkpt lat="42.53709" lon="1.6774">
        <time>2024-06-21T12:52:54Z</time>
      </trkpt>
      <trkpt lat="42.53707" lon="1.67747">
        <time>2024-06-21T12:52:54Z</time>
      </trkpt>
      <trkpt lat="42.53705" lon="1.67751">
        <time>2024-06-21T12:52:54Z</time>
      </trkpt>
      <trkpt lat="42.53698" lon="1.67759">
        <time>2024-06-21T12:52:54Z</time>
      </trkpt>
      <trkpt lat="42.53693" lon="1.67766">
        <time>2024-06-21T12:52:54Z</time>
      </trkpt>
      <trkpt lat="42.53689" lon="1.67769">
        <time>2024-06-21T12:52:54Z</time>
      </trkpt>
      <trkpt lat="42.53687" lon="1.67774">
        <time>2024-06-21T12:52:54Z</time>
      </trkpt>
      <trkpt lat="42.53687" lon="1.67779">
        <time>2024-06-21T12:52:54Z</time>
      </trkpt>
      <trkpt lat="42.53685" lon="1.67787">
        <time>2024-06-21T12:52:54Z</time>
      </trkpt>
      <trkpt lat="42.53682" lon="1.67796">
        <time>2024-06-21T12:52:54Z</time>
      </trkpt>
      <trkpt lat="42.53678" lon="1.67802">
        <time>2024-06-21T12:52:54Z</time>
      </trkpt>
      <trkpt lat="42.53671" lon="1.67812">
        <time>2024-06-21T12:52:54Z</time>
      </trkpt>
      <trkpt lat="42.53664" lon="1.67824">
        <time>2024-06-21T12:52:54Z</time>
      </trkpt>
      <trkpt lat="42.53657" lon="1.67834">
        <time>2024-06-21T12:52:54Z</time>
      </trkpt>
      <trkpt lat="42.53655" lon="1.67838">
        <time>2024-06-21T12:52:54Z</time>
      </trkpt>
      <trkpt lat="42.53649" lon="1.67846">
        <time>2024-06-21T12:52:54Z</time>
      </trkpt>
      <trkpt lat="42.53643" lon="1.67856">
        <time>2024-06-21T12:52:54Z</time>
      </trkpt>
      <trkpt lat="42.53636" lon="1.67862">
        <time>2024-06-21T12:52:54Z</time>
      </trkpt>
      <trkpt lat="42.53633" lon="1.67865">
        <time>2024-06-21T12:52:54Z</time>
      </trkpt>
      <trkpt lat="42.53629" lon="1.67877">
        <time>2024-06-21T12:52:54Z</time>
      </trkpt>
      <trkpt lat="42.53624" lon="1.6789">
        <time>2024-06-21T12:52:54Z</time>
      </trkpt>
      <trkpt lat="42.53618" lon="1.67901">
        <time>2024-06-21T12:52:54Z</time>
      </trkpt>
      <trkpt lat="42.53615" lon="1.67907">
        <time>2024-06-21T12:52:54Z</time>
      </trkpt>
      <trkpt lat="42.53608" lon="1.67917">
        <time>2024-06-21T12:52:54Z</time>
      </trkpt>
      <trkpt lat="42.53604" lon="1.67925">
        <time>2024-06-21T12:52:54Z</time>
      </trkpt>
      <trkpt lat="42.53598" lon="1.67937">
        <time>2024-06-21T12:52:54Z</time>
      </trkpt>
      <trkpt lat="42.53595" lon="1.6794">
        <time>2024-06-21T12:52:54Z</time>
      </trkpt>
      <trkpt lat="42.53591" lon="1.67948">
        <time>2024-06-21T12:52:54Z</time>
      </trkpt>
      <trkpt lat="42.5359" lon="1.67952">
        <time>2024-06-21T12:52:54Z</time>
      </trkpt>
      <trkpt lat="42.53586" lon="1.67964">
        <time>2024-06-21T12:52:54Z</time>
      </trkpt>
      <trkpt lat="42.53581" lon="1.67974">
        <time>2024-06-21T12:52:54Z</time>
      </trkpt>
      <trkpt lat="42.53575" lon="1.67985">
        <time>2024-06-21T12:52:54Z</time>
      </trkpt>
      <trkpt lat="42.53567" lon="1.68">
        <time>2024-06-21T12:52:54Z</time>
      </trkpt>
      <trkpt lat="42.53561" lon="1.68012">
        <time>2024-06-21T12:52:54Z</time>
      </trkpt>
      <trkpt lat="42.53557" lon="1.6802">
        <time>2024-06-21T12:52:54Z</time>
      </trkpt>
      <trkpt lat="42.53553" lon="1.68028">
        <time>2024-06-21T12:52:54Z</time>
      </trkpt>
      <trkpt lat="42.5355" lon="1.68031">
        <time>2024-06-21T12:52:54Z</time>
      </trkpt>
      <trkpt lat="42.53548" lon="1.68039">
        <time>2024-06-21T12:52:54Z</time>
      </trkpt>
      <trkpt lat="42.53541" lon="1.68049">
        <time>2024-06-21T12:52:54Z</time>
      </trkpt>
      <trkpt lat="42.53535" lon="1.68058">
        <time>2024-06-21T12:52:54Z</time>
      </trkpt>
      <trkpt lat="42.5353" lon="1.68072">
        <time>2024-06-21T12:52:54Z</time>
      </trkpt>
      <trkpt lat="42.53527" lon="1.68076">
        <time>2024-06-21T12:52:54Z</time>
      </trkpt>
      <trkpt lat="42.5352" lon="1.68085">
        <time>2024-06-21T12:52:54Z</time>
      </trkpt>
      <trkpt lat="42.53515" lon="1.68093">
        <time>2024-06-21T12:52:54Z</time>
      </trkpt>
      <trkpt lat="42.53512" lon="1.681">
        <time>2024-06-21T12:52:54Z</time>
      </trkpt>
      <trkpt lat="42.53507" lon="1.68107">
        <time>2024-06-21T12:52:54Z</time>
      </trkpt>
      <trkpt lat="42.53502" lon="1.68114">
        <time>2024-06-21T12:52:54Z</time>
      </trkpt>
      <trkpt lat="42.53497" lon="1.68122">
        <time>2024-06-21T12:52:54Z</time>
      </trkpt>
      <trkpt lat="42.53491" lon="1.68134">
        <time>2024-06-21T12:52:54Z</time>
      </trkpt>
      <trkpt lat="42.53488" lon="1.68142">
        <time>2024-06-21T12:52:54Z</time>
      </trkpt>
      <trkpt lat="42.53483" lon="1.68148">
        <time>2024-06-21T12:52:54Z</time>
      </trkpt>
      <trkpt lat="42.53476" lon="1.68158">
        <time>2024-06-21T12:52:54Z</time>
      </trkpt>
      <trkpt lat="42.53472" lon="1.68166">
        <time>2024-06-21T12:52:54Z</time>
      </trkpt>
      <trkpt lat="42.53464" lon="1.68179">
        <time>2024-06-21T12:52:54Z</time>
      </trkpt>
      <trkpt lat="42.5346" lon="1.68186">
        <time>2024-06-21T12:52:54Z</time>
      </trkpt>
      <trkpt lat="42.53458" lon="1.6819">
        <time>2024-06-21T12:52:54Z</time>
      </trkpt>
      <trkpt lat="42.53455" lon="1.68197">
        <time>2024-06-21T12:52:54Z</time>
      </trkpt>
      <trkpt lat="42.53453" lon="1.682">
        <time>2024-06-21T12:52:54Z</time>
      </trkpt>
      <trkpt lat="42.5345" lon="1.68204">
        <time>2024-06-21T12:52:54Z</time>
      </trkpt>
      <trkpt lat="42.53446" lon="1.68213">
        <time>2024-06-21T12:52:54Z</time>
      </trkpt>
      <trkpt lat="42.53442" lon="1.68221">
        <time>2024-06-21T12:52:54Z</time>
      </trkpt>
      <trkpt lat="42.53438" lon="1.68228">
        <time>2024-06-21T12:52:54Z</time>
      </trkpt>
      <trkpt lat="42.53433" lon="1.68235">
        <time>2024-06-21T12:52:54Z</time>
      </trkpt>
      <trkpt lat="42.53429" lon="1.68247">
        <time>2024-06-21T12:52:54Z</time>
      </trkpt>
      <trkpt lat="42.53431" lon="1.68257">
        <time>2024-06-21T12:52:54Z</time>
      </trkpt>
      <trkpt lat="42.53439" lon="1.68277">
        <time>2024-06-21T12:52:54Z</time>
      </trkpt>
      <trkpt lat="42.53438" lon="1.68278">
        <time>2024-06-21T12:52:54Z</time>
      </trkpt>
      <trkpt lat="42.53437" lon="1.68284">
        <time>2024-06-21T12:52:54Z</time>
      </trkpt>
      <trkpt lat="42.53424" lon="1.68338">
        <time>2024-06-21T12:52:54Z</time>
      </trkpt>
      <trkpt lat="42.53417" lon="1.68356">
        <time>2024-06-21T12:52:54Z</time>
      </trkpt>
      <trkpt lat="42.5339" lon="1.68368">
        <time>2024-06-21T12:52:54Z</time>
      </trkpt>
      <trkpt lat="42.53378" lon="1.68363">
        <time>2024-06-21T12:52:54Z</time>
      </trkpt>
      <trkpt lat="42.53375" lon="1.68361">
        <time>2024-06-21T12:52:54Z</time>
      </trkpt>
      <trkpt lat="42.53377" lon="1.68361">
        <time>2024-06-21T12:52:54Z</time>
      </trkpt>
      <trkpt lat="42.53346" lon="1.68358">
        <time>2024-06-21T12:52:54Z</time>
      </trkpt>
      <trkpt lat="42.5329" lon="1.6836">
        <time>2024-06-21T12:52:54Z</time>
      </trkpt>
      <trkpt lat="42.53238" lon="1.68357">
        <time>2024-06-21T12:52:54Z</time>
      </trkpt>
      <trkpt lat="42.53216" lon="1.68352">
        <time>2024-06-21T12:52:54Z</time>
      </trkpt>
      <trkpt lat="42.53194" lon="1.68346">
        <time>2024-06-21T12:52:54Z</time>
      </trkpt>
      <trkpt lat="42.53172" lon="1.6834">
        <time>2024-06-21T12:52:54Z</time>
      </trkpt>
      <trkpt lat="42.53132" lon="1.68353">
        <time>2024-06-21T12:52:54Z</time>
      </trkpt>
      <trkpt lat="42.53093" lon="1.68393">
        <time>2024-06-21T12:52:54Z</time>
      </trkpt>
      <trkpt lat="42.53055" lon="1.68444">
        <time>2024-06-21T12:52:54Z</time>
      </trkpt>
      <trkpt lat="42.53018" lon="1.68491">
        <time>2024-06-21T12:52:54Z</time>
      </trkpt>
      <trkpt lat="42.52991" lon="1.68527">
        <time>2024-06-21T12:52:54Z</time>
      </trkpt>
      <trkpt lat="42.52976" lon="1.68534">
        <time>2024-06-21T12:52:54Z</time>
      </trkpt>
      <trkpt lat="42.52941" lon="1.68542">
        <time>2024-06-21T12:52:54Z</time>
      </trkpt>
      <trkpt lat="42.52928" lon="1.68558">
        <time>2024-06-21T12:52:54Z</time>
      </trkpt>
      <trkpt lat="42.52922" lon="1.68582">
        <time>2024-06-21T12:52:54Z</time>
      </trkpt>
      <trkpt lat="42.52908" lon="1.68617">
        <time>2024-06-21T12:52:54Z</time>
      </trkpt>
      <trkpt lat="42.52895" lon="1.68629">
        <time>2024-06-21T12:52:54Z</time>
      </trkpt>
      <trkpt lat="42.52869" lon="1.6865">
        <time>2024-06-21T12:52:54Z</time>
      </trkpt>
      <trkpt lat="42.52858" lon="1.68661">
        <time>2024-06-21T12:52:54Z</time>
      </trkpt>
      <trkpt lat="42.52849" lon="1.6867">
        <time>2024-06-21T12:52:54Z</time>
      </trkpt>
      <trkpt lat="42.52841" lon="1.68677">
        <time>2024-06-21T12:52:54Z</time>
      </trkpt>
      <trkpt lat="42.52833" lon="1.68683">
        <time>2024-06-21T12:52:54Z</time>
      </trkpt>
      <trkpt lat="42.52821" lon="1.68691">
        <time>2024-06-21T12:52:54Z</time>
      </trkpt>
      <trkpt lat="42.52807" lon="1.687">
        <time>2024-06-21T12:52:54Z</time>
      </trkpt>
      <trkpt lat="42.52776" lon="1.68721">
        <time>2024-06-21T12:52:54Z</time>
      </trkpt>
      <trkpt lat="42.52748" lon="1.68741">
        <time>2024-06-21T12:52:54Z</time>
      </trkpt>
      <trkpt lat="42.5271" lon="1.68776">
        <time>2024-06-21T12:52:54Z</time>
      </trkpt>
      <trkpt lat="42.52689" lon="1.68782">
        <time>2024-06-21T12:52:54Z</time>
      </trkpt>
      <trkpt lat="42.52646" lon="1.68794">
        <time>2024-06-21T12:52:54Z</time>
      </trkpt>
      <trkpt lat="42.5261" lon="1.68816">
        <time>2024-06-21T12:52:54Z</time>
      </trkpt>
      <trkpt lat="42.52602" lon="1.68813">
        <time>2024-06-21T12:52:54Z</time>
      </trkpt>
      <trkpt lat="42.52605" lon="1.6881">
        <time>2024-06-21T12:52:54Z</time>
      </trkpt>
      <trkpt lat="42.52606" lon="1.6881">
        <time>2024-06-21T12:52:54Z</time>
      </trkpt>
      <trkpt lat="42.52606" lon="1.68811">
        <time>2024-06-21T12:52:54Z</time>
      </trkpt>
      <trkpt lat="42.52603" lon="1.68807">
        <time>2024-06-21T12:52:54Z</time>
      </trkpt>
      <trkpt lat="42.52603" lon="1.68809">
        <time>2024-06-21T12:52:54Z</time>
      </trkpt>
      <trkpt lat="42.52597" lon="1.68816">
        <time>2024-06-21T12:52:54Z</time>
      </trkpt>
      <trkpt lat="42.52597" lon="1.68819">
        <time>2024-06-21T12:52:54Z</time>
      </trkpt>
      <trkpt lat="42.52597" lon="1.68816">
        <time>2024-06-21T12:52:54Z</time>
      </trkpt>
      <trkpt lat="42.52597" lon="1.68815">
        <time>2024-06-21T12:52:54Z</time>
      </trkpt>
      <trkpt lat="42.526" lon="1.68846">
        <time>2024-06-21T12:52:54Z</time>
      </trkpt>
      <trkpt lat="42.52606" lon="1.68863">
        <time>2024-06-21T12:52:54Z</time>
      </trkpt>
      <trkpt lat="42.52616" lon="1.68878">
        <time>2024-06-21T12:52:54Z</time>
      </trkpt>
      <trkpt lat="42.52623" lon="1.68887">
        <time>2024-06-21T12:52:54Z</time>
      </trkpt>
      <trkpt lat="42.52631" lon="1.68894">
        <time>2024-06-21T12:52:54Z</time>
      </trkpt>
      <trkpt lat="42.52656" lon="1.68905">
        <time>2024-06-21T12:52:54Z</time>
      </trkpt>
      <trkpt lat="42.52673" lon="1.68912">
        <time>2024-06-21T12:52:54Z</time>
      </trkpt>
      <trkpt lat="42.52725" lon="1.68927">
        <time>2024-06-21T12:52:54Z</time>
      </trkpt>
      <trkpt lat="42.52749" lon="1.68937">
        <time>2024-06-21T12:52:54Z</time>
      </trkpt>
      <trkpt lat="42.5277" lon="1.6895">
        <time>2024-06-21T12:52:54Z</time>
      </trkpt>
      <trkpt lat="42.52806" lon="1.68977">
        <time>2024-06-21T12:52:54Z</time>
      </trkpt>
      <trkpt lat="42.52852" lon="1.68996">
        <time>2024-06-21T12:52:54Z</time>
      </trkpt>
      <trkpt lat="42.52875" lon="1.69001">
        <time>2024-06-21T12:52:54Z</time>
      </trkpt>
      <trkpt lat="42.52919" lon="1.69022">
        <time>2024-06-21T12:52:54Z</time>
      </trkpt>
      <trkpt lat="42.52941" lon="1.69033">
        <time>2024-06-21T12:52:54Z</time>
      </trkpt>
      <trkpt lat="42.52984" lon="1.6906">
        <time>2024-06-21T12:52:54Z</time>
      </trkpt>
      <trkpt lat="42.5301" lon="1.6909">
        <time>2024-06-21T12:52:54Z</time>
      </trkpt>
      <trkpt lat="42.53003" lon="1.69113">
        <time>2024-06-21T12:52:54Z</time>
      </trkpt>
      <trkpt lat="42.52984" lon="1.69126">
        <time>2024-06-21T12:52:54Z</time>
      </trkpt>
      <trkpt lat="42.5295" lon="1.6914">
        <time>2024-06-21T12:52:54Z</time>
      </trkpt>
      <trkpt lat="42.52938" lon="1.69153">
        <time>2024-06-21T12:52:54Z</time>
      </trkpt>
      <trkpt lat="42.52898" lon="1.69175">
        <time>2024-06-21T12:52:54Z</time>
      </trkpt>
      <trkpt lat="42.52884" lon="1.69181">
        <time>2024-06-21T12:52:54Z</time>
      </trkpt>
      <trkpt lat="42.52872" lon="1.69186">
        <time>2024-06-21T12:52:54Z</time>
      </trkpt>
      <trkpt lat="42.52863" lon="1.69197">
        <time>2024-06-21T12:52:54Z</time>
      </trkpt>
      <trkpt lat="42.52852" lon="1.69237">
        <time>2024-06-21T12:52:54Z</time>
      </trkpt>
      <trkpt lat="42.52877" lon="1.69299">
        <time>2024-06-21T12:52:54Z</time>
      </trkpt>
      <trkpt lat="42.52902" lon="1.69312">
        <time>2024-06-21T12:52:54Z</time>
      </trkpt>
      <trkpt lat="42.52957" lon="1.69314">
        <time>2024-06-21T12:52:54Z</time>
      </trkpt>
      <trkpt lat="42.52988" lon="1.69364">
        <time>2024-06-21T12:52:54Z</time>
      </trkpt>
      <trkpt lat="42.53002" lon="1.69391">
        <time>2024-06-21T12:52:54Z</time>
      </trkpt>
      <trkpt lat="42.53028" lon="1.69442">
        <time>2024-06-21T12:52:54Z</time>
      </trkpt>
      <trkpt lat="42.53044" lon="1.69477">
        <time>2024-06-21T12:52:54Z</time>
      </trkpt>
      <trkpt lat="42.53045" lon="1.69518">
        <time>2024-06-21T12:52:54Z</time>
      </trkpt>
      <trkpt lat="42.5304" lon="1.69545">
        <time>2024-06-21T12:52:54Z</time>
      </trkpt>
      <trkpt lat="42.53034" lon="1.69577">
        <time>2024-06-21T12:52:54Z</time>
      </trkpt>
      <trkpt lat="42.53025" lon="1.69612">
        <time>2024-06-21T12:52:54Z</time>
      </trkpt>
      <trkpt lat="42.53018" lon="1.69675">
        <time>2024-06-21T12:52:54Z</time>
      </trkpt>
      <trkpt lat="42.53029" lon="1.69693">
        <time>2024-06-21T12:52:54Z</time>
      </trkpt>
      <trkpt lat="42.53029" lon="1.69692">
        <time>2024-06-21T12:52:54Z</time>
      </trkpt>
      <trkpt lat="42.53034" lon="1.6969">
        <time>2024-06-21T12:52:54Z</time>
      </trkpt>
      <trkpt lat="42.53038" lon="1.69688">
        <time>2024-06-21T12:52:54Z</time>
      </trkpt>
      <trkpt lat="42.53038" lon="1.69687">
        <time>2024-06-21T12:52:54Z</time>
      </trkpt>
      <trkpt lat="42.53038" lon="1.69685">
        <time>2024-06-21T12:52:54Z</time>
      </trkpt>
      <trkpt lat="42.53043" lon="1.69679">
        <time>2024-06-21T12:52:54Z</time>
      </trkpt>
      <trkpt lat="42.53044" lon="1.69678">
        <time>2024-06-21T12:52:54Z</time>
      </trkpt>
      <trkpt lat="42.53049" lon="1.69663">
        <time>2024-06-21T12:52:54Z</time>
      </trkpt>
      <trkpt lat="42.53057" lon="1.69634">
        <time>2024-06-21T12:52:54Z</time>
      </trkpt>
      <trkpt lat="42.53074" lon="1.69583">
        <time>2024-06-21T12:52:54Z</time>
      </trkpt>
      <trkpt lat="42.53082" lon="1.69562">
        <time>2024-06-21T12:52:54Z</time>
      </trkpt>
      <trkpt lat="42.53089" lon="1.69547">
        <time>2024-06-21T12:52:54Z</time>
      </trkpt>
      <trkpt lat="42.53099" lon="1.69519">
        <time>2024-06-21T12:52:54Z</time>
      </trkpt>
      <trkpt lat="42.53103" lon="1.69502">
        <time>2024-06-21T12:52:54Z</time>
      </trkpt>
      <trkpt lat="42.53106" lon="1.69493">
        <time>2024-06-21T12:52:54Z</time>
      </trkpt>
      <trkpt lat="42.53112" lon="1.69475">
        <time>2024-06-21T12:52:54Z</time>
      </trkpt>
      <trkpt lat="42.5312" lon="1.69456">
        <time>2024-06-21T12:52:54Z</time>
      </trkpt>
      <trkpt lat="42.53124" lon="1.69446">
        <time>2024-06-21T12:52:54Z</time>
      </trkpt>
      <trkpt lat="42.53126" lon="1.69438">
        <time>2024-06-21T12:52:54Z</time>
      </trkpt>
      <trkpt lat="42.53129" lon="1.6942">
        <time>2024-06-21T12:52:54Z</time>
      </trkpt>
      <trkpt lat="42.53131" lon="1.69413">
        <time>2024-06-21T12:52:54Z</time>
      </trkpt>
      <trkpt lat="42.53136" lon="1.69397">
        <time>2024-06-21T12:52:54Z</time>
      </trkpt>
      <trkpt lat="42.53138" lon="1.69389">
        <time>2024-06-21T12:52:54Z</time>
      </trkpt>
      <trkpt lat="42.53141" lon="1.6938">
        <time>2024-06-21T12:52:54Z</time>
      </trkpt>
      <trkpt lat="42.53148" lon="1.69366">
        <time>2024-06-21T12:52:54Z</time>
      </trkpt>
      <trkpt lat="42.53151" lon="1.69357">
        <time>2024-06-21T12:52:54Z</time>
      </trkpt>
      <trkpt lat="42.53159" lon="1.6934">
        <time>2024-06-21T12:52:54Z</time>
      </trkpt>
      <trkpt lat="42.53164" lon="1.69322">
        <time>2024-06-21T12:52:54Z</time>
      </trkpt>
      <trkpt lat="42.53169" lon="1.69309">
        <time>2024-06-21T12:52:54Z</time>
      </trkpt>
      <trkpt lat="42.53175" lon="1.69292">
        <time>2024-06-21T12:52:54Z</time>
      </trkpt>
      <trkpt lat="42.53178" lon="1.69285">
        <time>2024-06-21T12:52:54Z</time>
      </trkpt>
      <trkpt lat="42.53183" lon="1.69272">
        <time>2024-06-21T12:52:54Z</time>
      </trkpt>
      <trkpt lat="42.53188" lon="1.69262">
        <time>2024-06-21T12:52:54Z</time>
      </trkpt>
      <trkpt lat="42.53196" lon="1.69249">
        <time>2024-06-21T12:52:54Z</time>
      </trkpt>
      <trkpt lat="42.53202" lon="1.69231">
        <time>2024-06-21T12:52:54Z</time>
      </trkpt>
      <trkpt lat="42.53205" lon="1.6922">
        <time>2024-06-21T12:52:54Z</time>
      </trkpt>
      <trkpt lat="42.53208" lon="1.69202">
        <time>2024-06-21T12:52:54Z</time>
      </trkpt>
      <trkpt lat="42.53212" lon="1.69187">
        <time>2024-06-21T12:52:54Z</time>
      </trkpt>
      <trkpt lat="42.53215" lon="1.69179">
        <time>2024-06-21T12:52:54Z</time>
      </trkpt>
      <trkpt lat="42.53218" lon="1.69169">
        <time>2024-06-21T12:52:54Z</time>
      </trkpt>
      <trkpt lat="42.5322" lon="1.69161">
        <time>2024-06-21T12:52:54Z</time>
      </trkpt>
      <trkpt lat="42.53223" lon="1.69155">
        <time>2024-06-21T12:52:54Z</time>
      </trkpt>
      <trkpt lat="42.5323" lon="1.69139">
        <time>2024-06-21T12:52:54Z</time>
      </trkpt>
      <trkpt lat="42.53233" lon="1.69134">
        <time>2024-06-21T12:52:54Z</time>
      </trkpt>
      <trkpt lat="42.5324" lon="1.69117">
        <time>2024-06-21T12:52:54Z</time>
      </trkpt>
      <trkpt lat="42.53247" lon="1.69102">
        <time>2024-06-21T12:52:54Z</time>
      </trkpt>
      <trkpt lat="42.53253" lon="1.69088">
        <time>2024-06-21T12:52:54Z</time>
      </trkpt>
      <trkpt lat="42.53255" lon="1.6908">
        <time>2024-06-21T12:52:54Z</time>
      </trkpt>
      <trkpt lat="42.5326" lon="1.69065">
        <time>2024-06-21T12:52:54Z</time>
      </trkpt>
      <trkpt lat="42.53261" lon="1.69056">
        <time>2024-06-21T12:52:54Z</time>
      </trkpt>
      <trkpt lat="42.53263" lon="1.69047">
        <time>2024-06-21T12:52:54Z</time>
      </trkpt>
      <trkpt lat="42.53265" lon="1.69032">
        <time>2024-06-21T12:52:54Z</time>
      </trkpt>
      <trkpt lat="42.53268" lon="1.69024">
        <time>2024-06-21T12:52:54Z</time>
      </trkpt>
      <trkpt lat="42.53272" lon="1.69008">
        <time>2024-06-21T12:52:54Z</time>
      </trkpt>
      <trkpt lat="42.53278" lon="1.68994">
        <time>2024-06-21T12:52:54Z</time>
      </trkpt>
      <trkpt lat="42.53284" lon="1.68979">
        <time>2024-06-21T12:52:54Z</time>
      </trkpt>
      <trkpt lat="42.5329" lon="1.68961">
        <time>2024-06-21T12:52:54Z</time>
      </trkpt>
      <trkpt lat="42.53293" lon="1.68951">
        <time>2024-06-21T12:52:54Z</time>
      </trkpt>
      <trkpt lat="42.53298" lon="1.68934">
        <time>2024-06-21T12:52:54Z</time>
      </trkpt>
      <trkpt lat="42.533" lon="1.68929">
        <time>2024-06-21T12:52:54Z</time>
      </trkpt>
      <trkpt lat="42.53303" lon="1.68919">
        <time>2024-06-21T12:52:54Z</time>
      </trkpt>
      <trkpt lat="42.53308" lon="1.6891">
        <time>2024-06-21T12:52:54Z</time>
      </trkpt>
      <trkpt lat="42.53311" lon="1.689">
        <time>2024-06-21T12:52:54Z</time>
      </trkpt>
      <trkpt lat="42.53314" lon="1.68892">
        <time>2024-06-21T12:52:54Z</time>
      </trkpt>
      <trkpt lat="42.53319" lon="1.68873">
        <time>2024-06-21T12:52:54Z</time>
      </trkpt>
      <trkpt lat="42.53325" lon="1.68856">
        <time>2024-06-21T12:52:54Z</time>
      </trkpt>
      <trkpt lat="42.53328" lon="1.68847">
        <time>2024-06-21T12:52:54Z</time>
      </trkpt>
      <trkpt lat="42.53331" lon="1.6884">
        <time>2024-06-21T12:52:54Z</time>
      </trkpt>
      <trkpt lat="42.53334" lon="1.68832">
        <time>2024-06-21T12:52:54Z</time>
      </trkpt>
      <trkpt lat="42.53339" lon="1.68816">
        <time>2024-06-21T12:52:54Z</time>
      </trkpt>
      <trkpt lat="42.53345" lon="1.68798">
        <time>2024-06-21T12:52:54Z</time>
      </trkpt>
      <trkpt lat="42.53348" lon="1.68792">
        <time>2024-06-21T12:52:54Z</time>
      </trkpt>
      <trkpt lat="42.53354" lon="1.68772">
        <time>2024-06-21T12:52:54Z</time>
      </trkpt>
      <trkpt lat="42.53356" lon="1.68761">
        <time>2024-06-21T12:52:54Z</time>
      </trkpt>
      <trkpt lat="42.53365" lon="1.68741">
        <time>2024-06-21T12:52:54Z</time>
      </trkpt>
      <trkpt lat="42.53368" lon="1.68732">
        <time>2024-06-21T12:52:54Z</time>
      </trkpt>
      <trkpt lat="42.53373" lon="1.68717">
        <time>2024-06-21T12:52:54Z</time>
      </trkpt>
      <trkpt lat="42.53376" lon="1.68701">
        <time>2024-06-21T12:52:54Z</time>
      </trkpt>
      <trkpt lat="42.5338" lon="1.68683">
        <time>2024-06-21T12:52:54Z</time>
      </trkpt>
      <trkpt lat="42.53386" lon="1.68669">
        <time>2024-06-21T12:52:54Z</time>
      </trkpt>
      <trkpt lat="42.53389" lon="1.6866">
        <time>2024-06-21T12:52:54Z</time>
      </trkpt>
      <trkpt lat="42.53393" lon="1.68652">
        <time>2024-06-21T12:52:54Z</time>
      </trkpt>
      <trkpt lat="42.53396" lon="1.68644">
        <time>2024-06-21T12:52:54Z</time>
      </trkpt>
      <trkpt lat="42.53402" lon="1.68628">
        <time>2024-06-21T12:52:54Z</time>
      </trkpt>
      <trkpt lat="42.53408" lon="1.68611">
        <time>2024-06-21T12:52:54Z</time>
      </trkpt>
      <trkpt lat="42.5341" lon="1.68603">
        <time>2024-06-21T12:52:54Z</time>
      </trkpt>
      <trkpt lat="42.53413" lon="1.68595">
        <time>2024-06-21T12:52:54Z</time>
      </trkpt>
      <trkpt lat="42.53419" lon="1.68579">
        <time>2024-06-21T12:52:54Z</time>
      </trkpt>
      <trkpt lat="42.53426" lon="1.68562">
        <time>2024-06-21T12:52:54Z</time>
      </trkpt>
      <trkpt lat="42.53428" lon="1.68554">
        <time>2024-06-21T12:52:54Z</time>
      </trkpt>
      <trkpt lat="42.53433" lon="1.68538">
        <time>2024-06-21T12:52:54Z</time>
      </trkpt>
      <trkpt lat="42.53438" lon="1.68522">
        <time>2024-06-21T12:52:54Z</time>
      </trkpt>
      <trkpt lat="42.53441" lon="1.68513">
        <time>2024-06-21T12:52:54Z</time>
      </trkpt>
      <trkpt lat="42.53448" lon="1.68498">
        <time>2024-06-21T12:52:54Z</time>
      </trkpt>
      <trkpt lat="42.53454" lon="1.68481">
        <time>2024-06-21T12:52:54Z</time>
      </trkpt>
      <trkpt lat="42.53457" lon="1.68473">
        <time>2024-06-21T12:52:54Z</time>
      </trkpt>
      <trkpt lat="42.5346" lon="1.68459">
        <time>2024-06-21T12:52:54Z</time>
      </trkpt>
      <trkpt lat="42.53467" lon="1.68441">
        <time>2024-06-21T12:52:54Z</time>
      </trkpt>
      <trkpt lat="42.53472" lon="1.68426">
        <time>2024-06-21T12:52:54Z</time>
      </trkpt>
      <trkpt lat="42.53476" lon="1.68418">
        <time>2024-06-21T12:52:54Z</time>
      </trkpt>
      <trkpt lat="42.53482" lon="1.68401">
        <time>2024-06-21T12:52:54Z</time>
      </trkpt>
      <trkpt lat="42.53487" lon="1.68386">
        <time>2024-06-21T12:52:54Z</time>
      </trkpt>
      <trkpt lat="42.5349" lon="1.68377">
        <time>2024-06-21T12:52:54Z</time>
      </trkpt>
      <trkpt lat="42.53496" lon="1.68359">
        <time>2024-06-21T12:52:54Z</time>
      </trkpt>
      <trkpt lat="42.53499" lon="1.68346">
        <time>2024-06-21T12:52:54Z</time>
      </trkpt>
      <trkpt lat="42.53502" lon="1.68341">
        <time>2024-06-21T12:52:54Z</time>
      </trkpt>
      <trkpt lat="42.53501" lon="1.68333">
        <time>2024-06-21T12:52:54Z</time>
      </trkpt>
      <trkpt lat="42.53502" lon="1.68327">
        <time>2024-06-21T12:52:54Z</time>
      </trkpt>
      <trkpt lat="42.53503" lon="1.68321">
        <time>2024-06-21T12:52:54Z</time>
      </trkpt>
      <trkpt lat="42.5351" lon="1.68321">
        <time>2024-06-21T12:52:54Z</time>
      </trkpt>
      <trkpt lat="42.53516" lon="1.68323">
        <time>2024-06-21T12:52:54Z</time>
      </trkpt>
      <trkpt lat="42.53529" lon="1.68336">
        <time>2024-06-21T12:52:54Z</time>
      </trkpt>
      <trkpt lat="42.53537" lon="1.68352">
        <time>2024-06-21T12:52:54Z</time>
      </trkpt>
      <trkpt lat="42.53541" lon="1.68372">
        <time>2024-06-21T12:52:54Z</time>
      </trkpt>
      <trkpt lat="42.53552" lon="1.68397">
        <time>2024-06-21T12:52:54Z</time>
      </trkpt>
      <trkpt lat="42.5355" lon="1.68424">
        <time>2024-06-21T12:52:54Z</time>
      </trkpt>
      <trkpt lat="42.53503" lon="1.68562">
        <time>2024-06-21T12:52:54Z</time>
      </trkpt>
      <trkpt lat="42.53479" lon="1.68632">
        <time>2024-06-21T12:52:54Z</time>
      </trkpt>
      <trkpt lat="42.53469" lon="1.68671">
        <time>2024-06-21T12:52:54Z</time>
      </trkpt>
      <trkpt lat="42.53452" lon="1.68702">
        <time>2024-06-21T12:52:54Z</time>
      </trkpt>
      <trkpt lat="42.53445" lon="1.68737">
        <time>2024-06-21T12:52:54Z</time>
      </trkpt>
      <trkpt lat="42.53429" lon="1.6881">
        <time>2024-06-21T12:52:54Z</time>
      </trkpt>
      <trkpt lat="42.53417" lon="1.68843">
        <time>2024-06-21T12:52:54Z</time>
      </trkpt>
      <trkpt lat="42.53395" lon="1.68913">
        <time>2024-06-21T12:52:54Z</time>
      </trkpt>
      <trkpt lat="42.53379" lon="1.6896">
        <time>2024-06-21T12:52:54Z</time>
      </trkpt>
      <trkpt lat="42.53367" lon="1.68966">
        <time>2024-06-21T12:52:54Z</time>
      </trkpt>
      <trkpt lat="42.53363" lon="1.68978">
        <time>2024-06-21T12:52:54Z</time>
      </trkpt>
      <trkpt lat="42.53371" lon="1.69007">
        <time>2024-06-21T12:52:54Z</time>
      </trkpt>
      <trkpt lat="42.53373" lon="1.69015">
        <time>2024-06-21T12:52:54Z</time>
      </trkpt>
      <trkpt lat="42.5337" lon="1.69024">
        <time>2024-06-21T12:52:54Z</time>
      </trkpt>
      <trkpt lat="42.53365" lon="1.69042">
        <time>2024-06-21T12:52:54Z</time>
      </trkpt>
      <trkpt lat="42.53365" lon="1.69047">
        <time>2024-06-21T12:52:54Z</time>
      </trkpt>
      <trkpt lat="42.53356" lon="1.69081">
        <time>2024-06-21T12:52:54Z</time>
      </trkpt>
      <trkpt lat="42.53352" lon="1.69105">
        <time>2024-06-21T12:52:54Z</time>
      </trkpt>
      <trkpt lat="42.53348" lon="1.69127">
        <time>2024-06-21T12:52:54Z</time>
      </trkpt>
      <trkpt lat="42.53345" lon="1.69145">
        <time>2024-06-21T12:52:54Z</time>
      </trkpt>
      <trkpt lat="42.53347" lon="1.69156">
        <time>2024-06-21T12:52:54Z</time>
      </trkpt>
      <trkpt lat="42.53339" lon="1.69165">
        <time>2024-06-21T12:52:54Z</time>
      </trkpt>
      <trkpt lat="42.53281" lon="1.69309">
        <time>2024-06-21T12:52:54Z</time>
      </trkpt>
      <trkpt lat="42.53266" lon="1.69314">
        <time>2024-06-21T12:52:54Z</time>
      </trkpt>
      <trkpt lat="42.53255" lon="1.69313">
        <time>2024-06-21T12:52:54Z</time>
      </trkpt>
      <trkpt lat="42.53247" lon="1.69308">
        <time>2024-06-21T12:52:54Z</time>
      </trkpt>
      <trkpt lat="42.53246" lon="1.69339">
        <time>2024-06-21T12:52:54Z</time>
      </trkpt>
      <trkpt lat="42.53198" lon="1.69415">
        <time>2024-06-21T12:52:54Z</time>
      </trkpt>
      <trkpt lat="42.53174" lon="1.69441">
        <time>2024-06-21T12:52:54Z</time>
      </trkpt>
      <trkpt lat="42.53132" lon="1.69492">
        <time>2024-06-21T12:52:54Z</time>
      </trkpt>
      <trkpt lat="42.53117" lon="1.69523">
        <time>2024-06-21T12:52:54Z</time>
      </trkpt>
      <trkpt lat="42.53107" lon="1.69548">
        <time>2024-06-21T12:52:54Z</time>
      </trkpt>
      <trkpt lat="42.53101" lon="1.69579">
        <time>2024-06-21T12:52:54Z</time>
      </trkpt>
      <trkpt lat="42.53092" lon="1.69599">
        <time>2024-06-21T12:52:54Z</time>
      </trkpt>
      <trkpt lat="42.53082" lon="1.69656">
        <time>2024-06-21T12:52:54Z</time>
      </trkpt>
      <trkpt lat="42.53063" lon="1.69677">
        <time>2024-06-21T12:52:54Z</time>
      </trkpt>
      <trkpt lat="42.53068" lon="1.69696">
        <time>2024-06-21T12:52:54Z</time>
      </trkpt>
      <trkpt lat="42.53074" lon="1.69699">
        <time>2024-06-21T12:52:54Z</time>
      </trkpt>
      <trkpt lat="42.53079" lon="1.69703">
        <time>2024-06-21T12:52:54Z</time>
      </trkpt>
      <trkpt lat="42.53079" lon="1.69705">
        <time>2024-06-21T12:52:54Z</time>
      </trkpt>
      <trkpt lat="42.5308" lon="1.69704">
        <time>2024-06-21T12:52:54Z</time>
      </trkpt>
      <trkpt lat="42.53079" lon="1.69705">
        <time>2024-06-21T12:52:54Z</time>
      </trkpt>
      <trkpt lat="42.53078" lon="1.69708">
        <time>2024-06-21T12:52:54Z</time>
      </trkpt>
      <trkpt lat="42.53075" lon="1.69715">
        <time>2024-06-21T12:52:54Z</time>
      </trkpt>
      <trkpt lat="42.53074" lon="1.69718">
        <time>2024-06-21T12:52:54Z</time>
      </trkpt>
      <trkpt lat="42.53074" lon="1.6973">
        <time>2024-06-21T12:52:54Z</time>
      </trkpt>
      <trkpt lat="42.53074" lon="1.69737">
        <time>2024-06-21T12:52:54Z</time>
      </trkpt>
      <trkpt lat="42.53071" lon="1.69755">
        <time>2024-06-21T12:52:54Z</time>
      </trkpt>
      <trkpt lat="42.53064" lon="1.69777">
        <time>2024-06-21T12:52:54Z</time>
      </trkpt>
      <trkpt lat="42.53058" lon="1.69799">
        <time>2024-06-21T12:52:54Z</time>
      </trkpt>
      <trkpt lat="42.53055" lon="1.69819">
        <time>2024-06-21T12:52:54Z</time>
      </trkpt>
      <trkpt lat="42.53049" lon="1.69857">
        <time>2024-06-21T12:52:54Z</time>
      </trkpt>
      <trkpt lat="42.53046" lon="1.69876">
        <time>2024-06-21T12:52:54Z</time>
      </trkpt>
      <trkpt lat="42.53045" lon="1.69885">
        <time>2024-06-21T12:52:54Z</time>
      </trkpt>
      <trkpt lat="42.53042" lon="1.69904">
        <time>2024-06-21T12:52:54Z</time>
      </trkpt>
      <trkpt lat="42.53041" lon="1.69912">
        <time>2024-06-21T12:52:54Z</time>
      </trkpt>
      <trkpt lat="42.53037" lon="1.6993">
        <time>2024-06-21T12:52:54Z</time>
      </trkpt>
      <trkpt lat="42.53033" lon="1.69951">
        <time>2024-06-21T12:52:54Z</time>
      </trkpt>
      <trkpt lat="42.53032" lon="1.69959">
        <time>2024-06-21T12:52:54Z</time>
      </trkpt>
      <trkpt lat="42.5303" lon="1.69968">
        <time>2024-06-21T12:52:54Z</time>
      </trkpt>
      <trkpt lat="42.53026" lon="1.69985">
        <time>2024-06-21T12:52:54Z</time>
      </trkpt>
      <trkpt lat="42.53024" lon="1.69991">
        <time>2024-06-21T12:52:54Z</time>
      </trkpt>
      <trkpt lat="42.53021" lon="1.70009">
        <time>2024-06-21T12:52:54Z</time>
      </trkpt>
      <trkpt lat="42.53016" lon="1.70029">
        <time>2024-06-21T12:52:54Z</time>
      </trkpt>
      <trkpt lat="42.53014" lon="1.70038">
        <time>2024-06-21T12:52:54Z</time>
      </trkpt>
      <trkpt lat="42.53011" lon="1.70056">
        <time>2024-06-21T12:52:54Z</time>
      </trkpt>
      <trkpt lat="42.53009" lon="1.70078">
        <time>2024-06-21T12:52:54Z</time>
      </trkpt>
      <trkpt lat="42.53008" lon="1.70087">
        <time>2024-06-21T12:52:54Z</time>
      </trkpt>
      <trkpt lat="42.53002" lon="1.70105">
        <time>2024-06-21T12:52:54Z</time>
      </trkpt>
      <trkpt lat="42.53" lon="1.70115">
        <time>2024-06-21T12:52:54Z</time>
      </trkpt>
      <trkpt lat="42.52997" lon="1.70131">
        <time>2024-06-21T12:52:54Z</time>
      </trkpt>
      <trkpt lat="42.52994" lon="1.70146">
        <time>2024-06-21T12:52:54Z</time>
      </trkpt>
      <trkpt lat="42.52993" lon="1.70156">
        <time>2024-06-21T12:52:54Z</time>
      </trkpt>
      <trkpt lat="42.52988" lon="1.70173">
        <time>2024-06-21T12:52:54Z</time>
      </trkpt>
      <trkpt lat="42.52986" lon="1.70181">
        <time>2024-06-21T12:52:54Z</time>
      </trkpt>
      <trkpt lat="42.52984" lon="1.70201">
        <time>2024-06-21T12:52:54Z</time>
      </trkpt>
      <trkpt lat="42.52979" lon="1.70217">
        <time>2024-06-21T12:52:54Z</time>
      </trkpt>
      <trkpt lat="42.52977" lon="1.70226">
        <time>2024-06-21T12:52:54Z</time>
      </trkpt>
      <trkpt lat="42.52974" lon="1.70242">
        <time>2024-06-21T12:52:54Z</time>
      </trkpt>
      <trkpt lat="42.52973" lon="1.70251">
        <time>2024-06-21T12:52:54Z</time>
      </trkpt>
      <trkpt lat="42.52971" lon="1.7026">
        <time>2024-06-21T12:52:54Z</time>
      </trkpt>
      <trkpt lat="42.52969" lon="1.70269">
        <time>2024-06-21T12:52:54Z</time>
      </trkpt>
      <trkpt lat="42.52965" lon="1.70286">
        <time>2024-06-21T12:52:54Z</time>
      </trkpt>
      <trkpt lat="42.52963" lon="1.70294">
        <time>2024-06-21T12:52:54Z</time>
      </trkpt>
      <trkpt lat="42.5296" lon="1.7031">
        <time>2024-06-21T12:52:54Z</time>
      </trkpt>
      <trkpt lat="42.52959" lon="1.70318">
        <time>2024-06-21T12:52:54Z</time>
      </trkpt>
      <trkpt lat="42.52957" lon="1.70336">
        <time>2024-06-21T12:52:54Z</time>
      </trkpt>
      <trkpt lat="42.52955" lon="1.70345">
        <time>2024-06-21T12:52:54Z</time>
      </trkpt>
      <trkpt lat="42.52954" lon="1.70354">
        <time>2024-06-21T12:52:54Z</time>
      </trkpt>
      <trkpt lat="42.52952" lon="1.70364">
        <time>2024-06-21T12:52:54Z</time>
      </trkpt>
      <trkpt lat="42.52949" lon="1.7038">
        <time>2024-06-21T12:52:54Z</time>
      </trkpt>
      <trkpt lat="42.52946" lon="1.70398">
        <time>2024-06-21T12:52:54Z</time>
      </trkpt>
      <trkpt lat="42.52945" lon="1.70406">
        <time>2024-06-21T12:52:54Z</time>
      </trkpt>
      <trkpt lat="42.52942" lon="1.70414">
        <time>2024-06-21T12:52:54Z</time>
      </trkpt>
      <trkpt lat="42.5294" lon="1.70422">
        <time>2024-06-21T12:52:54Z</time>
      </trkpt>
      <trkpt lat="42.52934" lon="1.70442">
        <time>2024-06-21T12:52:54Z</time>
      </trkpt>
      <trkpt lat="42.52931" lon="1.7045">
        <time>2024-06-21T12:52:54Z</time>
      </trkpt>
      <trkpt lat="42.52928" lon="1.70462">
        <time>2024-06-21T12:52:54Z</time>
      </trkpt>
      <trkpt lat="42.52925" lon="1.7048">
        <time>2024-06-21T12:52:54Z</time>
      </trkpt>
      <trkpt lat="42.52921" lon="1.70492">
        <time>2024-06-21T12:52:54Z</time>
      </trkpt>
      <trkpt lat="42.52917" lon="1.70504">
        <time>2024-06-21T12:52:54Z</time>
      </trkpt>
      <trkpt lat="42.52915" lon="1.70513">
        <time>2024-06-21T12:52:54Z</time>
      </trkpt>
      <trkpt lat="42.52912" lon="1.7053">
        <time>2024-06-21T12:52:54Z</time>
      </trkpt>
      <trkpt lat="42.52906" lon="1.70556">
        <time>2024-06-21T12:52:54Z</time>
      </trkpt>
      <trkpt lat="42.52903" lon="1.70575">
        <time>2024-06-21T12:52:54Z</time>
      </trkpt>
      <trkpt lat="42.52899" lon="1.7059">
        <time>2024-06-21T12:52:54Z</time>
      </trkpt>
      <trkpt lat="42.52896" lon="1.70607">
        <time>2024-06-21T12:52:54Z</time>
      </trkpt>
      <trkpt lat="42.52893" lon="1.7062">
        <time>2024-06-21T12:52:54Z</time>
      </trkpt>
      <trkpt lat="42.52891" lon="1.70632">
        <time>2024-06-21T12:52:54Z</time>
      </trkpt>
      <trkpt lat="42.52889" lon="1.70641">
        <time>2024-06-21T12:52:54Z</time>
      </trkpt>
      <trkpt lat="42.52889" lon="1.70651">
        <time>2024-06-21T12:52:54Z</time>
      </trkpt>
      <trkpt lat="42.52886" lon="1.70664">
        <time>2024-06-21T12:52:54Z</time>
      </trkpt>
      <trkpt lat="42.52884" lon="1.70679">
        <time>2024-06-21T12:52:54Z</time>
      </trkpt>
      <trkpt lat="42.52884" lon="1.70689">
        <time>2024-06-21T12:52:54Z</time>
      </trkpt>
      <trkpt lat="42.52882" lon="1.70698">
        <time>2024-06-21T12:52:54Z</time>
      </trkpt>
      <trkpt lat="42.5288" lon="1.70713">
        <time>2024-06-21T12:52:54Z</time>
      </trkpt>
      <trkpt lat="42.52878" lon="1.70726">
        <time>2024-06-21T12:52:54Z</time>
      </trkpt>
      <trkpt lat="42.52875" lon="1.70736">
        <time>2024-06-21T12:52:54Z</time>
      </trkpt>
      <trkpt lat="42.52872" lon="1.70754">
        <time>2024-06-21T12:52:54Z</time>
      </trkpt>
      <trkpt lat="42.52868" lon="1.70772">
        <time>2024-06-21T12:52:54Z</time>
      </trkpt>
      <trkpt lat="42.52866" lon="1.70782">
        <time>2024-06-21T12:52:54Z</time>
      </trkpt>
      <trkpt lat="42.52863" lon="1.708">
        <time>2024-06-21T12:52:54Z</time>
      </trkpt>
      <trkpt lat="42.5286" lon="1.70821">
        <time>2024-06-21T12:52:54Z</time>
      </trkpt>
      <trkpt lat="42.52856" lon="1.70837">
        <time>2024-06-21T12:52:54Z</time>
      </trkpt>
      <trkpt lat="42.52852" lon="1.70855">
        <time>2024-06-21T12:52:54Z</time>
      </trkpt>
      <trkpt lat="42.52849" lon="1.70874">
        <time>2024-06-21T12:52:54Z</time>
      </trkpt>
      <trkpt lat="42.52848" lon="1.70882">
        <time>2024-06-21T12:52:54Z</time>
      </trkpt>
      <trkpt lat="42.52845" lon="1.70891">
        <time>2024-06-21T12:52:54Z</time>
      </trkpt>
      <trkpt lat="42.52842" lon="1.70909">
        <time>2024-06-21T12:52:54Z</time>
      </trkpt>
      <trkpt lat="42.5284" lon="1.70919">
        <time>2024-06-21T12:52:54Z</time>
      </trkpt>
      <trkpt lat="42.52837" lon="1.70938">
        <time>2024-06-21T12:52:54Z</time>
      </trkpt>
      <trkpt lat="42.52833" lon="1.70955">
        <time>2024-06-21T12:52:54Z</time>
      </trkpt>
      <trkpt lat="42.52829" lon="1.70973">
        <time>2024-06-21T12:52:54Z</time>
      </trkpt>
      <trkpt lat="42.52826" lon="1.70991">
        <time>2024-06-21T12:52:54Z</time>
      </trkpt>
      <trkpt lat="42.52824" lon="1.71">
        <time>2024-06-21T12:52:54Z</time>
      </trkpt>
      <trkpt lat="42.52821" lon="1.71017">
        <time>2024-06-21T12:52:54Z</time>
      </trkpt>
      <trkpt lat="42.5282" lon="1.71027">
        <time>2024-06-21T12:52:54Z</time>
      </trkpt>
      <trkpt lat="42.52817" lon="1.71044">
        <time>2024-06-21T12:52:54Z</time>
      </trkpt>
      <trkpt lat="42.52811" lon="1.71068">
        <time>2024-06-21T12:52:54Z</time>
      </trkpt>
      <trkpt lat="42.52809" lon="1.71077">
        <time>2024-06-21T12:52:54Z</time>
      </trkpt>
      <trkpt lat="42.52805" lon="1.71089">
        <time>2024-06-21T12:52:54Z</time>
      </trkpt>
      <trkpt lat="42.52802" lon="1.71102">
        <time>2024-06-21T12:52:54Z</time>
      </trkpt>
      <trkpt lat="42.52801" lon="1.71112">
        <time>2024-06-21T12:52:54Z</time>
      </trkpt>
      <trkpt lat="42.52797" lon="1.7113">
        <time>2024-06-21T12:52:54Z</time>
      </trkpt>
      <trkpt lat="42.52792" lon="1.7115">
        <time>2024-06-21T12:52:54Z</time>
      </trkpt>
      <trkpt lat="42.5279" lon="1.71158">
        <time>2024-06-21T12:52:54Z</time>
      </trkpt>
      <trkpt lat="42.52787" lon="1.71175">
        <time>2024-06-21T12:52:54Z</time>
      </trkpt>
      <trkpt lat="42.52785" lon="1.71184">
        <time>2024-06-21T12:52:54Z</time>
      </trkpt>
      <trkpt lat="42.52782" lon="1.71194">
        <time>2024-06-21T12:52:54Z</time>
      </trkpt>
      <trkpt lat="42.52781" lon="1.71203">
        <time>2024-06-21T12:52:54Z</time>
      </trkpt>
      <trkpt lat="42.52778" lon="1.7122">
        <time>2024-06-21T12:52:54Z</time>
      </trkpt>
      <trkpt lat="42.52774" lon="1.71238">
        <time>2024-06-21T12:52:54Z</time>
      </trkpt>
      <trkpt lat="42.52773" lon="1.71246">
        <time>2024-06-21T12:52:54Z</time>
      </trkpt>
      <trkpt lat="42.52771" lon="1.71255">
        <time>2024-06-21T12:52:54Z</time>
      </trkpt>
      <trkpt lat="42.5277" lon="1.71265">
        <time>2024-06-21T12:52:54Z</time>
      </trkpt>
      <trkpt lat="42.52766" lon="1.71285">
        <time>2024-06-21T12:52:54Z</time>
      </trkpt>
      <trkpt lat="42.52765" lon="1.71296">
        <time>2024-06-21T12:52:54Z</time>
      </trkpt>
      <trkpt lat="42.52761" lon="1.71313">
        <time>2024-06-21T12:52:54Z</time>
      </trkpt>
      <trkpt lat="42.52757" lon="1.71332">
        <time>2024-06-21T12:52:54Z</time>
      </trkpt>
      <trkpt lat="42.52756" lon="1.71342">
        <time>2024-06-21T12:52:54Z</time>
      </trkpt>
      <trkpt lat="42.52753" lon="1.71359">
        <time>2024-06-21T12:52:54Z</time>
      </trkpt>
      <trkpt lat="42.5275" lon="1.71379">
        <time>2024-06-21T12:52:54Z</time>
      </trkpt>
      <trkpt lat="42.52748" lon="1.71387">
        <time>2024-06-21T12:52:54Z</time>
      </trkpt>
      <trkpt lat="42.52745" lon="1.71402">
        <time>2024-06-21T12:52:54Z</time>
      </trkpt>
      <trkpt lat="42.52742" lon="1.7142">
        <time>2024-06-21T12:52:54Z</time>
      </trkpt>
      <trkpt lat="42.52743" lon="1.7143">
        <time>2024-06-21T12:52:54Z</time>
      </trkpt>
      <trkpt lat="42.52742" lon="1.71447">
        <time>2024-06-21T12:52:54Z</time>
      </trkpt>
      <trkpt lat="42.52735" lon="1.71486">
        <time>2024-06-21T12:52:54Z</time>
      </trkpt>
      <trkpt lat="42.52729" lon="1.71513">
        <time>2024-06-21T12:52:54Z</time>
      </trkpt>
      <trkpt lat="42.52724" lon="1.71532">
        <time>2024-06-21T12:52:54Z</time>
      </trkpt>
      <trkpt lat="42.52719" lon="1.71556">
        <time>2024-06-21T12:52:54Z</time>
      </trkpt>
      <trkpt lat="42.52712" lon="1.71576">
        <time>2024-06-21T12:52:54Z</time>
      </trkpt>
      <trkpt lat="42.52705" lon="1.71595">
        <time>2024-06-21T12:52:54Z</time>
      </trkpt>
      <trkpt lat="42.52704" lon="1.71612">
        <time>2024-06-21T12:52:54Z</time>
      </trkpt>
      <trkpt lat="42.52705" lon="1.7163">
        <time>2024-06-21T12:52:54Z</time>
      </trkpt>
      <trkpt lat="42.52702" lon="1.71647">
        <time>2024-06-21T12:52:54Z</time>
      </trkpt>
      <trkpt lat="42.527" lon="1.71654">
        <time>2024-06-21T12:52:54Z</time>
      </trkpt>
      <trkpt lat="42.52698" lon="1.71661">
        <time>2024-06-21T12:52:54Z</time>
      </trkpt>
      <trkpt lat="42.52694" lon="1.71678">
        <time>2024-06-21T12:52:54Z</time>
      </trkpt>
      <trkpt lat="42.52692" lon="1.71687">
        <time>2024-06-21T12:52:54Z</time>
      </trkpt>
      <trkpt lat="42.52688" lon="1.71704">
        <time>2024-06-21T12:52:54Z</time>
      </trkpt>
      <trkpt lat="42.52684" lon="1.71723">
        <time>2024-06-21T12:52:54Z</time>
      </trkpt>
      <trkpt lat="42.52683" lon="1.71735">
        <time>2024-06-21T12:52:54Z</time>
      </trkpt>
      <trkpt lat="42.52681" lon="1.71747">
        <time>2024-06-21T12:52:54Z</time>
      </trkpt>
      <trkpt lat="42.52677" lon="1.71763">
        <time>2024-06-21T12:52:54Z</time>
      </trkpt>
      <trkpt lat="42.52675" lon="1.71774">
        <time>2024-06-21T12:52:54Z</time>
      </trkpt>
      <trkpt lat="42.52671" lon="1.71792">
        <time>2024-06-21T12:52:54Z</time>
      </trkpt>
      <trkpt lat="42.5267" lon="1.71802">
        <time>2024-06-21T12:52:54Z</time>
      </trkpt>
      <trkpt lat="42.52666" lon="1.71819">
        <time>2024-06-21T12:52:54Z</time>
      </trkpt>
      <trkpt lat="42.5266" lon="1.71837">
        <time>2024-06-21T12:52:54Z</time>
      </trkpt>
      <trkpt lat="42.52659" lon="1.71847">
        <time>2024-06-21T12:52:54Z</time>
      </trkpt>
      <trkpt lat="42.52656" lon="1.71863">
        <time>2024-06-21T12:52:54Z</time>
      </trkpt>
      <trkpt lat="42.52653" lon="1.71872">
        <time>2024-06-21T12:52:54Z</time>
      </trkpt>
      <trkpt lat="42.5265" lon="1.7189">
        <time>2024-06-21T12:52:54Z</time>
      </trkpt>
      <trkpt lat="42.52646" lon="1.71907">
        <time>2024-06-21T12:52:54Z</time>
      </trkpt>
      <trkpt lat="42.52644" lon="1.71916">
        <time>2024-06-21T12:52:54Z</time>
      </trkpt>
      <trkpt lat="42.5264" lon="1.71935">
        <time>2024-06-21T12:52:54Z</time>
      </trkpt>
      <trkpt lat="42.52637" lon="1.71943">
        <time>2024-06-21T12:52:54Z</time>
      </trkpt>
      <trkpt lat="42.52633" lon="1.71961">
        <time>2024-06-21T12:52:54Z</time>
      </trkpt>
      <trkpt lat="42.52629" lon="1.71979">
        <time>2024-06-21T12:52:54Z</time>
      </trkpt>
      <trkpt lat="42.52628" lon="1.71987">
        <time>2024-06-21T12:52:54Z</time>
      </trkpt>
      <trkpt lat="42.52626" lon="1.72005">
        <time>2024-06-21T12:52:54Z</time>
      </trkpt>
      <trkpt lat="42.52624" lon="1.72015">
        <time>2024-06-21T12:52:54Z</time>
      </trkpt>
      <trkpt lat="42.52623" lon="1.72021">
        <time>2024-06-21T12:52:54Z</time>
      </trkpt>
      <trkpt lat="42.52619" lon="1.72041">
        <time>2024-06-21T12:52:54Z</time>
      </trkpt>
      <trkpt lat="42.52616" lon="1.72052">
        <time>2024-06-21T12:52:54Z</time>
      </trkpt>
      <trkpt lat="42.52614" lon="1.7206">
        <time>2024-06-21T12:52:54Z</time>
      </trkpt>
      <trkpt lat="42.52612" lon="1.72068">
        <time>2024-06-21T12:52:54Z</time>
      </trkpt>
      <trkpt lat="42.5261" lon="1.72082">
        <time>2024-06-21T12:52:54Z</time>
      </trkpt>
      <trkpt lat="42.52607" lon="1.72097">
        <time>2024-06-21T12:52:54Z</time>
      </trkpt>
      <trkpt lat="42.52605" lon="1.72105">
        <time>2024-06-21T12:52:54Z</time>
      </trkpt>
      <trkpt lat="42.52602" lon="1.7212">
        <time>2024-06-21T12:52:54Z</time>
      </trkpt>
      <trkpt lat="42.52601" lon="1.72127">
        <time>2024-06-21T12:52:54Z</time>
      </trkpt>
      <trkpt lat="42.52597" lon="1.72145">
        <time>2024-06-21T12:52:54Z</time>
      </trkpt>
      <trkpt lat="42.52596" lon="1.72155">
        <time>2024-06-21T12:52:54Z</time>
      </trkpt>
      <trkpt lat="42.52591" lon="1.72178">
        <time>2024-06-21T12:52:54Z</time>
      </trkpt>
      <trkpt lat="42.52589" lon="1.72188">
        <time>2024-06-21T12:52:54Z</time>
      </trkpt>
      <trkpt lat="42.52587" lon="1.72202">
        <time>2024-06-21T12:52:54Z</time>
      </trkpt>
      <trkpt lat="42.52583" lon="1.72218">
        <time>2024-06-21T12:52:54Z</time>
      </trkpt>
      <trkpt lat="42.52583" lon="1.72224">
        <time>2024-06-21T12:52:54Z</time>
      </trkpt>
      <trkpt lat="42.52581" lon="1.72238">
        <time>2024-06-21T12:52:54Z</time>
      </trkpt>
      <trkpt lat="42.52578" lon="1.72255">
        <time>2024-06-21T12:52:54Z</time>
      </trkpt>
      <trkpt lat="42.52576" lon="1.72262">
        <time>2024-06-21T12:52:54Z</time>
      </trkpt>
      <trkpt lat="42.52575" lon="1.7227">
        <time>2024-06-21T12:52:54Z</time>
      </trkpt>
      <trkpt lat="42.52571" lon="1.72285">
        <time>2024-06-21T12:52:54Z</time>
      </trkpt>
      <trkpt lat="42.52569" lon="1.72293">
        <time>2024-06-21T12:52:54Z</time>
      </trkpt>
      <trkpt lat="42.52567" lon="1.72313">
        <time>2024-06-21T12:52:54Z</time>
      </trkpt>
      <trkpt lat="42.52562" lon="1.72335">
        <time>2024-06-21T12:52:54Z</time>
      </trkpt>
      <trkpt lat="42.5256" lon="1.72343">
        <time>2024-06-21T12:52:54Z</time>
      </trkpt>
      <trkpt lat="42.52559" lon="1.72349">
        <time>2024-06-21T12:52:54Z</time>
      </trkpt>
      <trkpt lat="42.52559" lon="1.72361">
        <time>2024-06-21T12:52:54Z</time>
      </trkpt>
      <trkpt lat="42.52562" lon="1.72368">
        <time>2024-06-21T12:52:54Z</time>
      </trkpt>
      <trkpt lat="42.5256" lon="1.72374">
        <time>2024-06-21T12:52:54Z</time>
      </trkpt>
      <trkpt lat="42.52559" lon="1.72384">
        <time>2024-06-21T12:52:54Z</time>
      </trkpt>
      <trkpt lat="42.52563" lon="1.72392">
        <time>2024-06-21T12:52:54Z</time>
      </trkpt>
      <trkpt lat="42.52571" lon="1.72402">
        <time>2024-06-21T12:52:54Z</time>
      </trkpt>
      <trkpt lat="42.52576" lon="1.72402">
        <time>2024-06-21T12:52:54Z</time>
      </trkpt>
      <trkpt lat="42.52584" lon="1.72395">
        <time>2024-06-21T12:52:54Z</time>
      </trkpt>
      <trkpt lat="42.52636" lon="1.72341">
        <time>2024-06-21T12:52:54Z</time>
      </trkpt>
      <trkpt lat="42.52686" lon="1.7225">
        <time>2024-06-21T12:52:54Z</time>
      </trkpt>
      <trkpt lat="42.527" lon="1.72228">
        <time>2024-06-21T12:52:54Z</time>
      </trkpt>
      <trkpt lat="42.52721" lon="1.72182">
        <time>2024-06-21T12:52:54Z</time>
      </trkpt>
      <trkpt lat="42.52745" lon="1.72126">
        <time>2024-06-21T12:52:54Z</time>
      </trkpt>
      <trkpt lat="42.52755" lon="1.72104">
        <time>2024-06-21T12:52:54Z</time>
      </trkpt>
      <trkpt lat="42.5278" lon="1.72057">
        <time>2024-06-21T12:52:54Z</time>
      </trkpt>
      <trkpt lat="42.52792" lon="1.72031">
        <time>2024-06-21T12:52:54Z</time>
      </trkpt>
      <trkpt lat="42.52801" lon="1.72011">
        <time>2024-06-21T12:52:54Z</time>
      </trkpt>
      <trkpt lat="42.52807" lon="1.72003">
        <time>2024-06-21T12:52:54Z</time>
      </trkpt>
      <trkpt lat="42.52811" lon="1.72003">
        <time>2024-06-21T12:52:54Z</time>
      </trkpt>
      <trkpt lat="42.52817" lon="1.72001">
        <time>2024-06-21T12:52:54Z</time>
      </trkpt>
      <trkpt lat="42.52818" lon="1.72001">
        <time>2024-06-21T12:52:54Z</time>
      </trkpt>
      <trkpt lat="42.52802" lon="1.7201">
        <time>2024-06-21T12:52:54Z</time>
      </trkpt>
      <trkpt lat="42.52794" lon="1.72018">
        <time>2024-06-21T12:52:54Z</time>
      </trkpt>
      <trkpt lat="42.52786" lon="1.72019">
        <time>2024-06-21T12:52:54Z</time>
      </trkpt>
      <trkpt lat="42.52763" lon="1.71996">
        <time>2024-06-21T12:52:54Z</time>
      </trkpt>
      <trkpt lat="42.52744" lon="1.71957">
        <time>2024-06-21T12:52:54Z</time>
      </trkpt>
      <trkpt lat="42.52741" lon="1.71931">
        <time>2024-06-21T12:52:54Z</time>
      </trkpt>
      <trkpt lat="42.52737" lon="1.71904">
        <time>2024-06-21T12:52:54Z</time>
      </trkpt>
      <trkpt lat="42.52713" lon="1.71853">
        <time>2024-06-21T12:52:54Z</time>
      </trkpt>
      <trkpt lat="42.527" lon="1.71801">
        <time>2024-06-21T12:52:54Z</time>
      </trkpt>
      <trkpt lat="42.52695" lon="1.71771">
        <time>2024-06-21T12:52:54Z</time>
      </trkpt>
      <trkpt lat="42.52698" lon="1.71707">
        <time>2024-06-21T12:52:54Z</time>
      </trkpt>
      <trkpt lat="42.52704" lon="1.71676">
        <time>2024-06-21T12:52:54Z</time>
      </trkpt>
      <trkpt lat="42.52713" lon="1.71645">
        <time>2024-06-21T12:52:54Z</time>
      </trkpt>
      <trkpt lat="42.5274" lon="1.71569">
        <time>2024-06-21T12:52:54Z</time>
      </trkpt>
      <trkpt lat="42.52776" lon="1.71486">
        <time>2024-06-21T12:52:54Z</time>
      </trkpt>
      <trkpt lat="42.5281" lon="1.71409">
        <time>2024-06-21T12:52:54Z</time>
      </trkpt>
      <trkpt lat="42.52838" lon="1.71338">
        <time>2024-06-21T12:52:54Z</time>
      </trkpt>
      <trkpt lat="42.52849" lon="1.71308">
        <time>2024-06-21T12:52:54Z</time>
      </trkpt>
      <trkpt lat="42.52859" lon="1.71279">
        <time>2024-06-21T12:52:54Z</time>
      </trkpt>
      <trkpt lat="42.52876" lon="1.71225">
        <time>2024-06-21T12:52:54Z</time>
      </trkpt>
      <trkpt lat="42.52886" lon="1.71197">
        <time>2024-06-21T12:52:54Z</time>
      </trkpt>
      <trkpt lat="42.52908" lon="1.71143">
        <time>2024-06-21T12:52:54Z</time>
      </trkpt>
      <trkpt lat="42.5292" lon="1.71114">
        <time>2024-06-21T12:52:54Z</time>
      </trkpt>
      <trkpt lat="42.52946" lon="1.71063">
        <time>2024-06-21T12:52:54Z</time>
      </trkpt>
      <trkpt lat="42.52959" lon="1.71037">
        <time>2024-06-21T12:52:54Z</time>
      </trkpt>
      <trkpt lat="42.52986" lon="1.7099">
        <time>2024-06-21T12:52:54Z</time>
      </trkpt>
      <trkpt lat="42.52997" lon="1.70968">
        <time>2024-06-21T12:52:54Z</time>
      </trkpt>
      <trkpt lat="42.53013" lon="1.70924">
        <time>2024-06-21T12:52:54Z</time>
      </trkpt>
      <trkpt lat="42.53027" lon="1.7088">
        <time>2024-06-21T12:52:54Z</time>
      </trkpt>
      <trkpt lat="42.53032" lon="1.70857">
        <time>2024-06-21T12:52:54Z</time>
      </trkpt>
      <trkpt lat="42.53052" lon="1.70825">
        <time>2024-06-21T12:52:54Z</time>
      </trkpt>
      <trkpt lat="42.53071" lon="1.7082">
        <time>2024-06-21T12:52:54Z</time>
      </trkpt>
      <trkpt lat="42.53089" lon="1.70784">
        <time>2024-06-21T12:52:54Z</time>
      </trkpt>
      <trkpt lat="42.53057" lon="1.70759">
        <time>2024-06-21T12:52:54Z</time>
      </trkpt>
      <trkpt lat="42.53048" lon="1.70742">
        <time>2024-06-21T12:52:54Z</time>
      </trkpt>
      <trkpt lat="42.53049" lon="1.70717">
        <time>2024-06-21T12:52:54Z</time>
      </trkpt>
      <trkpt lat="42.53043" lon="1.70671">
        <time>2024-06-21T12:52:54Z</time>
      </trkpt>
      <trkpt lat="42.5305" lon="1.70652">
        <time>2024-06-21T12:52:54Z</time>
      </trkpt>
      <trkpt lat="42.53083" lon="1.70639">
        <time>2024-06-21T12:52:54Z</time>
      </trkpt>
      <trkpt lat="42.53092" lon="1.70611">
        <time>2024-06-21T12:52:54Z</time>
      </trkpt>
      <trkpt lat="42.53092" lon="1.70602">
        <time>2024-06-21T12:52:54Z</time>
      </trkpt>
      <trkpt lat="42.53092" lon="1.70599">
        <time>2024-06-21T12:52:54Z</time>
      </trkpt>
      <trkpt lat="42.5309" lon="1.70455">
        <time>2024-06-21T12:52:54Z</time>
      </trkpt>
      <trkpt lat="42.53103" lon="1.70372">
        <time>2024-06-21T12:52:54Z</time>
      </trkpt>
      <trkpt lat="42.53127" lon="1.70281">
        <time>2024-06-21T12:52:54Z</time>
      </trkpt>
      <trkpt lat="42.5313" lon="1.70198">
        <time>2024-06-21T12:52:54Z</time>
      </trkpt>
      <trkpt lat="42.53132" lon="1.70118">
        <time>2024-06-21T12:52:54Z</time>
      </trkpt>
      <trkpt lat="42.53109" lon="1.70059">
        <time>2024-06-21T12:52:54Z</time>
      </trkpt>
      <trkpt lat="42.53095" lon="1.70054">
        <time>2024-06-21T12:52:54Z</time>
      </trkpt>
      <trkpt lat="42.5308" lon="1.70054">
        <time>2024-06-21T12:52:54Z</time>
      </trkpt>
      <trkpt lat="42.53075" lon="1.70042">
        <time>2024-06-21T12:52:54Z</time>
      </trkpt>
      <trkpt lat="42.5307" lon="1.70029">
        <time>2024-06-21T12:52:54Z</time>
      </trkpt>
      <trkpt lat="42.53065" lon="1.70002">
        <time>2024-06-21T12:52:54Z</time>
      </trkpt>
      <trkpt lat="42.53063" lon="1.69964">
        <time>2024-06-21T12:52:54Z</time>
      </trkpt>
      <trkpt lat="42.53068" lon="1.69919">
        <time>2024-06-21T12:52:54Z</time>
      </trkpt>
      <trkpt lat="42.53072" lon="1.6989">
        <time>2024-06-21T12:52:54Z</time>
      </trkpt>
      <trkpt lat="42.53079" lon="1.69827">
        <time>2024-06-21T12:52:54Z</time>
      </trkpt>
      <trkpt lat="42.53092" lon="1.69759">
        <time>2024-06-21T12:52:54Z</time>
      </trkpt>
      <trkpt lat="42.53098" lon="1.6973">
        <time>2024-06-21T12:52:54Z</time>
      </trkpt>
      <trkpt lat="42.53092" lon="1.69694">
        <time>2024-06-21T12:52:54Z</time>
      </trkpt>
      <trkpt lat="42.53088" lon="1.69694">
        <time>2024-06-21T12:52:54Z</time>
      </trkpt>
      <trkpt lat="42.53085" lon="1.69696">
        <time>2024-06-21T12:52:54Z</time>
      </trkpt>
      <trkpt lat="42.53084" lon="1.69696">
        <time>2024-06-21T12:52:54Z</time>
      </trkpt>
      <trkpt lat="42.53084" lon="1.69697">
        <time>2024-06-21T12:52:54Z</time>
      </trkpt>
      <trkpt lat="42.53085" lon="1.69696">
        <time>2024-06-21T12:52:54Z</time>
      </trkpt>
      <trkpt lat="42.5308" lon="1.69704">
        <time>2024-06-21T12:52:54Z</time>
      </trkpt>
      <trkpt lat="42.5308" lon="1.69705">
        <time>2024-06-21T12:52:54Z</time>
      </trkpt>
      <trkpt lat="42.53078" lon="1.69712">
        <time>2024-06-21T12:52:54Z</time>
      </trkpt>
      <trkpt lat="42.53076" lon="1.69718">
        <time>2024-06-21T12:52:54Z</time>
      </trkpt>
      <trkpt lat="42.53076" lon="1.69719">
        <time>2024-06-21T12:52:54Z</time>
      </trkpt>
      <trkpt lat="42.53066" lon="1.69767">
        <time>2024-06-21T12:52:54Z</time>
      </trkpt>
      <trkpt lat="42.53059" lon="1.69792">
        <time>2024-06-21T12:52:54Z</time>
      </trkpt>
      <trkpt lat="42.53052" lon="1.69819">
        <time>2024-06-21T12:52:54Z</time>
      </trkpt>
      <trkpt lat="42.53047" lon="1.69846">
        <time>2024-06-21T12:52:54Z</time>
      </trkpt>
      <trkpt lat="42.53045" lon="1.69879">
        <time>2024-06-21T12:52:54Z</time>
      </trkpt>
      <trkpt lat="42.53043" lon="1.69898">
        <time>2024-06-21T12:52:54Z</time>
      </trkpt>
      <trkpt lat="42.53039" lon="1.69915">
        <time>2024-06-21T12:52:54Z</time>
      </trkpt>
      <trkpt lat="42.53036" lon="1.69923">
        <time>2024-06-21T12:52:54Z</time>
      </trkpt>
      <trkpt lat="42.53032" lon="1.69942">
        <time>2024-06-21T12:52:54Z</time>
      </trkpt>
      <trkpt lat="42.53028" lon="1.69959">
        <time>2024-06-21T12:52:54Z</time>
      </trkpt>
      <trkpt lat="42.53026" lon="1.69968">
        <time>2024-06-21T12:52:54Z</time>
      </trkpt>
      <trkpt lat="42.53023" lon="1.69984">
        <time>2024-06-21T12:52:54Z</time>
      </trkpt>
      <trkpt lat="42.53019" lon="1.70003">
        <time>2024-06-21T12:52:54Z</time>
      </trkpt>
      <trkpt lat="42.53016" lon="1.70022">
        <time>2024-06-21T12:52:54Z</time>
      </trkpt>
      <trkpt lat="42.53012" lon="1.70041">
        <time>2024-06-21T12:52:54Z</time>
      </trkpt>
      <trkpt lat="42.53011" lon="1.70049">
        <time>2024-06-21T12:52:54Z</time>
      </trkpt>
      <trkpt lat="42.53007" lon="1.70068">
        <time>2024-06-21T12:52:54Z</time>
      </trkpt>
      <trkpt lat="42.53004" lon="1.70086">
        <time>2024-06-21T12:52:54Z</time>
      </trkpt>
      <trkpt lat="42.53003" lon="1.70096">
        <time>2024-06-21T12:52:54Z</time>
      </trkpt>
      <trkpt lat="42.53001" lon="1.7011">
        <time>2024-06-21T12:52:54Z</time>
      </trkpt>
      <trkpt lat="42.52998" lon="1.70119">
        <time>2024-06-21T12:52:54Z</time>
      </trkpt>
      <trkpt lat="42.52997" lon="1.70125">
        <time>2024-06-21T12:52:54Z</time>
      </trkpt>
      <trkpt lat="42.52994" lon="1.70136">
        <time>2024-06-21T12:52:54Z</time>
      </trkpt>
      <trkpt lat="42.5299" lon="1.70158">
        <time>2024-06-21T12:52:54Z</time>
      </trkpt>
      <trkpt lat="42.52986" lon="1.70174">
        <time>2024-06-21T12:52:54Z</time>
      </trkpt>
      <trkpt lat="42.52984" lon="1.70183">
        <time>2024-06-21T12:52:54Z</time>
      </trkpt>
      <trkpt lat="42.52981" lon="1.70204">
        <time>2024-06-21T12:52:54Z</time>
      </trkpt>
      <trkpt lat="42.52978" lon="1.7022">
        <time>2024-06-21T12:52:54Z</time>
      </trkpt>
      <trkpt lat="42.52976" lon="1.70229">
        <time>2024-06-21T12:52:54Z</time>
      </trkpt>
      <trkpt lat="42.52975" lon="1.70235">
        <time>2024-06-21T12:52:54Z</time>
      </trkpt>
      <trkpt lat="42.52971" lon="1.70254">
        <time>2024-06-21T12:52:54Z</time>
      </trkpt>
      <trkpt lat="42.5297" lon="1.70262">
        <time>2024-06-21T12:52:54Z</time>
      </trkpt>
      <trkpt lat="42.52967" lon="1.70271">
        <time>2024-06-21T12:52:54Z</time>
      </trkpt>
      <trkpt lat="42.52963" lon="1.70291">
        <time>2024-06-21T12:52:54Z</time>
      </trkpt>
      <trkpt lat="42.5296" lon="1.70307">
        <time>2024-06-21T12:52:54Z</time>
      </trkpt>
      <trkpt lat="42.52959" lon="1.70315">
        <time>2024-06-21T12:52:54Z</time>
      </trkpt>
      <trkpt lat="42.52956" lon="1.7033">
        <time>2024-06-21T12:52:54Z</time>
      </trkpt>
      <trkpt lat="42.52953" lon="1.70346">
        <time>2024-06-21T12:52:54Z</time>
      </trkpt>
      <trkpt lat="42.52952" lon="1.70355">
        <time>2024-06-21T12:52:54Z</time>
      </trkpt>
      <trkpt lat="42.5295" lon="1.70363">
        <time>2024-06-21T12:52:54Z</time>
      </trkpt>
      <trkpt lat="42.52948" lon="1.70372">
        <time>2024-06-21T12:52:54Z</time>
      </trkpt>
      <trkpt lat="42.52945" lon="1.70382">
        <time>2024-06-21T12:52:54Z</time>
      </trkpt>
      <trkpt lat="42.52943" lon="1.70397">
        <time>2024-06-21T12:52:54Z</time>
      </trkpt>
      <trkpt lat="42.52942" lon="1.70403">
        <time>2024-06-21T12:52:54Z</time>
      </trkpt>
      <trkpt lat="42.5294" lon="1.7042">
        <time>2024-06-21T12:52:54Z</time>
      </trkpt>
      <trkpt lat="42.52937" lon="1.70429">
        <time>2024-06-21T12:52:54Z</time>
      </trkpt>
      <trkpt lat="42.52935" lon="1.70438">
        <time>2024-06-21T12:52:54Z</time>
      </trkpt>
      <trkpt lat="42.52931" lon="1.70455">
        <time>2024-06-21T12:52:54Z</time>
      </trkpt>
      <trkpt lat="42.52926" lon="1.70474">
        <time>2024-06-21T12:52:54Z</time>
      </trkpt>
      <trkpt lat="42.52923" lon="1.70482">
        <time>2024-06-21T12:52:54Z</time>
      </trkpt>
      <trkpt lat="42.52917" lon="1.70498">
        <time>2024-06-21T12:52:54Z</time>
      </trkpt>
      <trkpt lat="42.52915" lon="1.70508">
        <time>2024-06-21T12:52:54Z</time>
      </trkpt>
      <trkpt lat="42.52914" lon="1.70514">
        <time>2024-06-21T12:52:54Z</time>
      </trkpt>
      <trkpt lat="42.52913" lon="1.70533">
        <time>2024-06-21T12:52:54Z</time>
      </trkpt>
      <trkpt lat="42.5291" lon="1.7055">
        <time>2024-06-21T12:52:54Z</time>
      </trkpt>
      <trkpt lat="42.52905" lon="1.70575">
        <time>2024-06-21T12:52:54Z</time>
      </trkpt>
      <trkpt lat="42.52902" lon="1.70591">
        <time>2024-06-21T12:52:54Z</time>
      </trkpt>
      <trkpt lat="42.52899" lon="1.70602">
        <time>2024-06-21T12:52:54Z</time>
      </trkpt>
      <trkpt lat="42.52896" lon="1.70618">
        <time>2024-06-21T12:52:54Z</time>
      </trkpt>
      <trkpt lat="42.52895" lon="1.70627">
        <time>2024-06-21T12:52:54Z</time>
      </trkpt>
      <trkpt lat="42.52894" lon="1.70637">
        <time>2024-06-21T12:52:54Z</time>
      </trkpt>
      <trkpt lat="42.5289" lon="1.70655">
        <time>2024-06-21T12:52:54Z</time>
      </trkpt>
      <trkpt lat="42.52888" lon="1.70664">
        <time>2024-06-21T12:52:54Z</time>
      </trkpt>
      <trkpt lat="42.52886" lon="1.70673">
        <time>2024-06-21T12:52:54Z</time>
      </trkpt>
      <trkpt lat="42.52882" lon="1.70691">
        <time>2024-06-21T12:52:54Z</time>
      </trkpt>
      <trkpt lat="42.5288" lon="1.707">
        <time>2024-06-21T12:52:54Z</time>
      </trkpt>
      <trkpt lat="42.52878" lon="1.70717">
        <time>2024-06-21T12:52:54Z</time>
      </trkpt>
      <trkpt lat="42.52877" lon="1.70725">
        <time>2024-06-21T12:52:54Z</time>
      </trkpt>
      <trkpt lat="42.52875" lon="1.70735">
        <time>2024-06-21T12:52:54Z</time>
      </trkpt>
      <trkpt lat="42.52871" lon="1.70755">
        <time>2024-06-21T12:52:54Z</time>
      </trkpt>
      <trkpt lat="42.52869" lon="1.70764">
        <time>2024-06-21T12:52:54Z</time>
      </trkpt>
      <trkpt lat="42.52862" lon="1.7079">
        <time>2024-06-21T12:52:54Z</time>
      </trkpt>
      <trkpt lat="42.52858" lon="1.7081">
        <time>2024-06-21T12:52:54Z</time>
      </trkpt>
      <trkpt lat="42.52856" lon="1.70819">
        <time>2024-06-21T12:52:54Z</time>
      </trkpt>
      <trkpt lat="42.52853" lon="1.70837">
        <time>2024-06-21T12:52:54Z</time>
      </trkpt>
      <trkpt lat="42.52851" lon="1.70846">
        <time>2024-06-21T12:52:54Z</time>
      </trkpt>
      <trkpt lat="42.52849" lon="1.70856">
        <time>2024-06-21T12:52:54Z</time>
      </trkpt>
      <trkpt lat="42.52846" lon="1.70875">
        <time>2024-06-21T12:52:54Z</time>
      </trkpt>
      <trkpt lat="42.52843" lon="1.70893">
        <time>2024-06-21T12:52:54Z</time>
      </trkpt>
      <trkpt lat="42.52841" lon="1.70901">
        <time>2024-06-21T12:52:54Z</time>
      </trkpt>
      <trkpt lat="42.5284" lon="1.70909">
        <time>2024-06-21T12:52:54Z</time>
      </trkpt>
      <trkpt lat="42.52835" lon="1.7093">
        <time>2024-06-21T12:52:54Z</time>
      </trkpt>
      <trkpt lat="42.52834" lon="1.70938">
        <time>2024-06-21T12:52:54Z</time>
      </trkpt>
      <trkpt lat="42.52832" lon="1.70947">
        <time>2024-06-21T12:52:54Z</time>
      </trkpt>
      <trkpt lat="42.52827" lon="1.70965">
        <time>2024-06-21T12:52:54Z</time>
      </trkpt>
      <trkpt lat="42.52823" lon="1.70983">
        <time>2024-06-21T12:52:54Z</time>
      </trkpt>
      <trkpt lat="42.52821" lon="1.70991">
        <time>2024-06-21T12:52:54Z</time>
      </trkpt>
      <trkpt lat="42.52818" lon="1.71011">
        <time>2024-06-21T12:52:54Z</time>
      </trkpt>
      <trkpt lat="42.52817" lon="1.7102">
        <time>2024-06-21T12:52:54Z</time>
      </trkpt>
      <trkpt lat="42.52816" lon="1.71027">
        <time>2024-06-21T12:52:54Z</time>
      </trkpt>
      <trkpt lat="42.52813" lon="1.71043">
        <time>2024-06-21T12:52:54Z</time>
      </trkpt>
      <trkpt lat="42.52812" lon="1.71062">
        <time>2024-06-21T12:52:54Z</time>
      </trkpt>
      <trkpt lat="42.52809" lon="1.71073">
        <time>2024-06-21T12:52:54Z</time>
      </trkpt>
      <trkpt lat="42.52806" lon="1.71087">
        <time>2024-06-21T12:52:54Z</time>
      </trkpt>
      <trkpt lat="42.52802" lon="1.71105">
        <time>2024-06-21T12:52:54Z</time>
      </trkpt>
      <trkpt lat="42.52802" lon="1.71117">
        <time>2024-06-21T12:52:54Z</time>
      </trkpt>
      <trkpt lat="42.52798" lon="1.71133">
        <time>2024-06-21T12:52:54Z</time>
      </trkpt>
      <trkpt lat="42.52795" lon="1.7115">
        <time>2024-06-21T12:52:54Z</time>
      </trkpt>
      <trkpt lat="42.52792" lon="1.71161">
        <time>2024-06-21T12:52:54Z</time>
      </trkpt>
      <trkpt lat="42.52788" lon="1.71179">
        <time>2024-06-21T12:52:54Z</time>
      </trkpt>
      <trkpt lat="42.52784" lon="1.71194">
        <time>2024-06-21T12:52:54Z</time>
      </trkpt>
      <trkpt lat="42.52783" lon="1.71199">
        <time>2024-06-21T12:52:54Z</time>
      </trkpt>
      <trkpt lat="42.52777" lon="1.7122">
        <time>2024-06-21T12:52:54Z</time>
      </trkpt>
      <trkpt lat="42.52777" lon="1.7124">
        <time>2024-06-21T12:52:54Z</time>
      </trkpt>
      <trkpt lat="42.52775" lon="1.71249">
        <time>2024-06-21T12:52:54Z</time>
      </trkpt>
      <trkpt lat="42.52771" lon="1.71265">
        <time>2024-06-21T12:52:54Z</time>
      </trkpt>
      <trkpt lat="42.52769" lon="1.71276">
        <time>2024-06-21T12:52:54Z</time>
      </trkpt>
      <trkpt lat="42.52767" lon="1.71285">
        <time>2024-06-21T12:52:54Z</time>
      </trkpt>
      <trkpt lat="42.52763" lon="1.71304">
        <time>2024-06-21T12:52:54Z</time>
      </trkpt>
      <trkpt lat="42.52762" lon="1.71314">
        <time>2024-06-21T12:52:54Z</time>
      </trkpt>
      <trkpt lat="42.5276" lon="1.71335">
        <time>2024-06-21T12:52:54Z</time>
      </trkpt>
      <trkpt lat="42.52754" lon="1.71355">
        <time>2024-06-21T12:52:54Z</time>
      </trkpt>
      <trkpt lat="42.52752" lon="1.71363">
        <time>2024-06-21T12:52:54Z</time>
      </trkpt>
      <trkpt lat="42.52748" lon="1.7138">
        <time>2024-06-21T12:52:54Z</time>
      </trkpt>
      <trkpt lat="42.52747" lon="1.7139">
        <time>2024-06-21T12:52:54Z</time>
      </trkpt>
      <trkpt lat="42.52744" lon="1.71408">
        <time>2024-06-21T12:52:54Z</time>
      </trkpt>
      <trkpt lat="42.52742" lon="1.71427">
        <time>2024-06-21T12:52:54Z</time>
      </trkpt>
      <trkpt lat="42.5274" lon="1.71433">
        <time>2024-06-21T12:52:54Z</time>
      </trkpt>
      <trkpt lat="42.52736" lon="1.71452">
        <time>2024-06-21T12:52:54Z</time>
      </trkpt>
      <trkpt lat="42.52733" lon="1.71471">
        <time>2024-06-21T12:52:54Z</time>
      </trkpt>
      <trkpt lat="42.52729" lon="1.71488">
        <time>2024-06-21T12:52:54Z</time>
      </trkpt>
      <trkpt lat="42.52726" lon="1.71507">
        <time>2024-06-21T12:52:54Z</time>
      </trkpt>
      <trkpt lat="42.52724" lon="1.71516">
        <time>2024-06-21T12:52:54Z</time>
      </trkpt>
      <trkpt lat="42.52721" lon="1.71534">
        <time>2024-06-21T12:52:54Z</time>
      </trkpt>
      <trkpt lat="42.52718" lon="1.7155">
        <time>2024-06-21T12:52:54Z</time>
      </trkpt>
      <trkpt lat="42.52716" lon="1.7156">
        <time>2024-06-21T12:52:54Z</time>
      </trkpt>
      <trkpt lat="42.52714" lon="1.7157">
        <time>2024-06-21T12:52:54Z</time>
      </trkpt>
      <trkpt lat="42.5271" lon="1.71588">
        <time>2024-06-21T12:52:54Z</time>
      </trkpt>
      <trkpt lat="42.52706" lon="1.71605">
        <time>2024-06-21T12:52:54Z</time>
      </trkpt>
      <trkpt lat="42.52703" lon="1.71622">
        <time>2024-06-21T12:52:54Z</time>
      </trkpt>
      <trkpt lat="42.52701" lon="1.71631">
        <time>2024-06-21T12:52:54Z</time>
      </trkpt>
      <trkpt lat="42.52699" lon="1.71647">
        <time>2024-06-21T12:52:54Z</time>
      </trkpt>
      <trkpt lat="42.52697" lon="1.71654">
        <time>2024-06-21T12:52:54Z</time>
      </trkpt>
      <trkpt lat="42.52695" lon="1.71663">
        <time>2024-06-21T12:52:54Z</time>
      </trkpt>
      <trkpt lat="42.52694" lon="1.71673">
        <time>2024-06-21T12:52:54Z</time>
      </trkpt>
      <trkpt lat="42.52691" lon="1.71691">
        <time>2024-06-21T12:52:54Z</time>
      </trkpt>
      <trkpt lat="42.52688" lon="1.71705">
        <time>2024-06-21T12:52:54Z</time>
      </trkpt>
      <trkpt lat="42.52685" lon="1.71718">
        <time>2024-06-21T12:52:54Z</time>
      </trkpt>
      <trkpt lat="42.52682" lon="1.71736">
        <time>2024-06-21T12:52:54Z</time>
      </trkpt>
      <trkpt lat="42.5268" lon="1.71744">
        <time>2024-06-21T12:52:54Z</time>
      </trkpt>
      <trkpt lat="42.52677" lon="1.71761">
        <time>2024-06-21T12:52:54Z</time>
      </trkpt>
      <trkpt lat="42.52673" lon="1.71781">
        <time>2024-06-21T12:52:54Z</time>
      </trkpt>
      <trkpt lat="42.52672" lon="1.71789">
        <time>2024-06-21T12:52:54Z</time>
      </trkpt>
      <trkpt lat="42.5267" lon="1.71797">
        <time>2024-06-21T12:52:54Z</time>
      </trkpt>
      <trkpt lat="42.52666" lon="1.71815">
        <time>2024-06-21T12:52:54Z</time>
      </trkpt>
      <trkpt lat="42.52665" lon="1.71825">
        <time>2024-06-21T12:52:54Z</time>
      </trkpt>
      <trkpt lat="42.52663" lon="1.71833">
        <time>2024-06-21T12:52:54Z</time>
      </trkpt>
      <trkpt lat="42.52659" lon="1.7185">
        <time>2024-06-21T12:52:54Z</time>
      </trkpt>
      <trkpt lat="42.52658" lon="1.71858">
        <time>2024-06-21T12:52:54Z</time>
      </trkpt>
      <trkpt lat="42.52652" lon="1.71877">
        <time>2024-06-21T12:52:54Z</time>
      </trkpt>
      <trkpt lat="42.5265" lon="1.71885">
        <time>2024-06-21T12:52:54Z</time>
      </trkpt>
      <trkpt lat="42.52648" lon="1.71902">
        <time>2024-06-21T12:52:54Z</time>
      </trkpt>
      <trkpt lat="42.52646" lon="1.71911">
        <time>2024-06-21T12:52:54Z</time>
      </trkpt>
      <trkpt lat="42.52642" lon="1.71929">
        <time>2024-06-21T12:52:54Z</time>
      </trkpt>
      <trkpt lat="42.52639" lon="1.71946">
        <time>2024-06-21T12:52:54Z</time>
      </trkpt>
      <trkpt lat="42.52635" lon="1.71964">
        <time>2024-06-21T12:52:54Z</time>
      </trkpt>
      <trkpt lat="42.52632" lon="1.71981">
        <time>2024-06-21T12:52:54Z</time>
      </trkpt>
      <trkpt lat="42.52629" lon="1.71999">
        <time>2024-06-21T12:52:54Z</time>
      </trkpt>
      <trkpt lat="42.52627" lon="1.72007">
        <time>2024-06-21T12:52:54Z</time>
      </trkpt>
      <trkpt lat="42.52624" lon="1.72024">
        <time>2024-06-21T12:52:54Z</time>
      </trkpt>
      <trkpt lat="42.52622" lon="1.72032">
        <time>2024-06-21T12:52:54Z</time>
      </trkpt>
      <trkpt lat="42.5262" lon="1.72049">
        <time>2024-06-21T12:52:54Z</time>
      </trkpt>
      <trkpt lat="42.52615" lon="1.72065">
        <time>2024-06-21T12:52:54Z</time>
      </trkpt>
      <trkpt lat="42.52614" lon="1.72073">
        <time>2024-06-21T12:52:54Z</time>
      </trkpt>
      <trkpt lat="42.52611" lon="1.72081">
        <time>2024-06-21T12:52:54Z</time>
      </trkpt>
      <trkpt lat="42.52608" lon="1.72098">
        <time>2024-06-21T12:52:54Z</time>
      </trkpt>
      <trkpt lat="42.52606" lon="1.72106">
        <time>2024-06-21T12:52:54Z</time>
      </trkpt>
      <trkpt lat="42.52604" lon="1.72122">
        <time>2024-06-21T12:52:54Z</time>
      </trkpt>
      <trkpt lat="42.52603" lon="1.7213">
        <time>2024-06-21T12:52:54Z</time>
      </trkpt>
      <trkpt lat="42.52602" lon="1.72144">
        <time>2024-06-21T12:52:54Z</time>
      </trkpt>
      <trkpt lat="42.52599" lon="1.72157">
        <time>2024-06-21T12:52:54Z</time>
      </trkpt>
      <trkpt lat="42.52595" lon="1.72174">
        <time>2024-06-21T12:52:54Z</time>
      </trkpt>
      <trkpt lat="42.52593" lon="1.72182">
        <time>2024-06-21T12:52:54Z</time>
      </trkpt>
      <trkpt lat="42.52589" lon="1.72199">
        <time>2024-06-21T12:52:54Z</time>
      </trkpt>
      <trkpt lat="42.52586" lon="1.72208">
        <time>2024-06-21T12:52:54Z</time>
      </trkpt>
      <trkpt lat="42.52583" lon="1.72225">
        <time>2024-06-21T12:52:54Z</time>
      </trkpt>
      <trkpt lat="42.52582" lon="1.72234">
        <time>2024-06-21T12:52:54Z</time>
      </trkpt>
      <trkpt lat="42.52578" lon="1.72249">
        <time>2024-06-21T12:52:54Z</time>
      </trkpt>
      <trkpt lat="42.52576" lon="1.72257">
        <time>2024-06-21T12:52:54Z</time>
      </trkpt>
      <trkpt lat="42.52576" lon="1.72265">
        <time>2024-06-21T12:52:54Z</time>
      </trkpt>
      <trkpt lat="42.52573" lon="1.72284">
        <time>2024-06-21T12:52:54Z</time>
      </trkpt>
      <trkpt lat="42.52571" lon="1.72291">
        <time>2024-06-21T12:52:54Z</time>
      </trkpt>
      <trkpt lat="42.52569" lon="1.7231">
        <time>2024-06-21T12:52:54Z</time>
      </trkpt>
      <trkpt lat="42.52566" lon="1.72324">
        <time>2024-06-21T12:52:54Z</time>
      </trkpt>
      <trkpt lat="42.52563" lon="1.72342">
        <time>2024-06-21T12:52:54Z</time>
      </trkpt>
      <trkpt lat="42.5256" lon="1.72352">
        <time>2024-06-21T12:52:54Z</time>
      </trkpt>
      <trkpt lat="42.52557" lon="1.72364">
        <time>2024-06-21T12:52:54Z</time>
      </trkpt>
      <trkpt lat="42.52557" lon="1.72369">
        <time>2024-06-21T12:52:54Z</time>
      </trkpt>
      <trkpt lat="42.52558" lon="1.72379">
        <time>2024-06-21T12:52:54Z</time>
      </trkpt>
      <trkpt lat="42.52557" lon="1.72384">
        <time>2024-06-21T12:52:54Z</time>
      </trkpt>
      <trkpt lat="42.52567" lon="1.72383">
        <time>2024-06-21T12:52:54Z</time>
      </trkpt>
      <trkpt lat="42.52571" lon="1.72383">
        <time>2024-06-21T12:52:54Z</time>
      </trkpt>
      <trkpt lat="42.52575" lon="1.72383">
        <time>2024-06-21T12:52:54Z</time>
      </trkpt>
      <trkpt lat="42.52579" lon="1.72381">
        <time>2024-06-21T12:52:54Z</time>
      </trkpt>
      <trkpt lat="42.52625" lon="1.72332">
        <time>2024-06-21T12:52:54Z</time>
      </trkpt>
      <trkpt lat="42.52653" lon="1.72307">
        <time>2024-06-21T12:52:54Z</time>
      </trkpt>
      <trkpt lat="42.5267" lon="1.72292">
        <time>2024-06-21T12:52:54Z</time>
      </trkpt>
      <trkpt lat="42.52682" lon="1.72269">
        <time>2024-06-21T12:52:54Z</time>
      </trkpt>
      <trkpt lat="42.52698" lon="1.72227">
        <time>2024-06-21T12:52:54Z</time>
      </trkpt>
      <trkpt lat="42.52713" lon="1.72206">
        <time>2024-06-21T12:52:54Z</time>
      </trkpt>
      <trkpt lat="42.52726" lon="1.72175">
        <time>2024-06-21T12:52:54Z</time>
      </trkpt>
      <trkpt lat="42.5275" lon="1.72116">
        <time>2024-06-21T12:52:54Z</time>
      </trkpt>
      <trkpt lat="42.52763" lon="1.72081">
        <time>2024-06-21T12:52:54Z</time>
      </trkpt>
      <trkpt lat="42.52769" lon="1.7206">
        <time>2024-06-21T12:52:54Z</time>
      </trkpt>
      <trkpt lat="42.52793" lon="1.72027">
        <time>2024-06-21T12:52:54Z</time>
      </trkpt>
      <trkpt lat="42.52796" lon="1.72018">
        <time>2024-06-21T12:52:54Z</time>
      </trkpt>
      <trkpt lat="42.52774" lon="1.72016">
        <time>2024-06-21T12:52:54Z</time>
      </trkpt>
      <trkpt lat="42.52766" lon="1.72">
        <time>2024-06-21T12:52:54Z</time>
      </trkpt>
      <trkpt lat="42.52747" lon="1.71968">
        <time>2024-06-21T12:52:54Z</time>
      </trkpt>
      <trkpt lat="42.5274" lon="1.71927">
        <time>2024-06-21T12:52:54Z</time>
      </trkpt>
      <trkpt lat="42.52731" lon="1.71886">
        <time>2024-06-21T12:52:54Z</time>
      </trkpt>
      <trkpt lat="42.52728" lon="1.71866">
        <time>2024-06-21T12:52:54Z</time>
      </trkpt>
      <trkpt lat="42.52722" lon="1.71843">
        <time>2024-06-21T12:52:54Z</time>
      </trkpt>
      <trkpt lat="42.52712" lon="1.71811">
        <time>2024-06-21T12:52:54Z</time>
      </trkpt>
      <trkpt lat="42.52695" lon="1.71751">
        <time>2024-06-21T12:52:54Z</time>
      </trkpt>
      <trkpt lat="42.527" lon="1.71691">
        <time>2024-06-21T12:52:54Z</time>
      </trkpt>
      <trkpt lat="42.52707" lon="1.7166">
        <time>2024-06-21T12:52:54Z</time>
      </trkpt>
      <trkpt lat="42.52733" lon="1.71593">
        <time>2024-06-21T12:52:54Z</time>
      </trkpt>
      <trkpt lat="42.52766" lon="1.71509">
        <time>2024-06-21T12:52:54Z</time>
      </trkpt>
      <trkpt lat="42.52783" lon="1.71467">
        <time>2024-06-21T12:52:54Z</time>
      </trkpt>
      <trkpt lat="42.528" lon="1.71427">
        <time>2024-06-21T12:52:54Z</time>
      </trkpt>
      <trkpt lat="42.52831" lon="1.71353">
        <time>2024-06-21T12:52:54Z</time>
      </trkpt>
      <trkpt lat="42.52854" lon="1.71291">
        <time>2024-06-21T12:52:54Z</time>
      </trkpt>
      <trkpt lat="42.52864" lon="1.71262">
        <time>2024-06-21T12:52:54Z</time>
      </trkpt>
      <trkpt lat="42.52883" lon="1.71206">
        <time>2024-06-21T12:52:54Z</time>
      </trkpt>
      <trkpt lat="42.52893" lon="1.71177">
        <time>2024-06-21T12:52:54Z</time>
      </trkpt>
      <trkpt lat="42.52905" lon="1.71149">
        <time>2024-06-21T12:52:54Z</time>
      </trkpt>
      <trkpt lat="42.52931" lon="1.71093">
        <time>2024-06-21T12:52:54Z</time>
      </trkpt>
      <trkpt lat="42.52957" lon="1.71043">
        <time>2024-06-21T12:52:54Z</time>
      </trkpt>
      <trkpt lat="42.5297" lon="1.71018">
        <time>2024-06-21T12:52:54Z</time>
      </trkpt>
      <trkpt lat="42.52996" lon="1.70971">
        <time>2024-06-21T12:52:54Z</time>
      </trkpt>
      <trkpt lat="42.53008" lon="1.70948">
        <time>2024-06-21T12:52:54Z</time>
      </trkpt>
      <trkpt lat="42.53019" lon="1.70923">
        <time>2024-06-21T12:52:54Z</time>
      </trkpt>
      <trkpt lat="42.53036" lon="1.70875">
        <time>2024-06-21T12:52:54Z</time>
      </trkpt>
      <trkpt lat="42.53047" lon="1.70853">
        <time>2024-06-21T12:52:54Z</time>
      </trkpt>
      <trkpt lat="42.53064" lon="1.70806">
        <time>2024-06-21T12:52:54Z</time>
      </trkpt>
      <trkpt lat="42.53102" lon="1.70782">
        <time>2024-06-21T12:52:54Z</time>
      </trkpt>
      <trkpt lat="42.5312" lon="1.70767">
        <time>2024-06-21T12:52:54Z</time>
      </trkpt>
      <trkpt lat="42.5313" lon="1.70739">
        <time>2024-06-21T12:52:54Z</time>
      </trkpt>
      <trkpt lat="42.53145" lon="1.70679">
        <time>2024-06-21T12:52:54Z</time>
      </trkpt>
      <trkpt lat="42.53163" lon="1.70615">
        <time>2024-06-21T12:52:54Z</time>
      </trkpt>
      <trkpt lat="42.5317" lon="1.70584">
        <time>2024-06-21T12:52:54Z</time>
      </trkpt>
      <trkpt lat="42.53173" lon="1.70575">
        <time>2024-06-21T12:52:54Z</time>
      </trkpt>
      <trkpt lat="42.53175" lon="1.7056">
        <time>2024-06-21T12:52:54Z</time>
      </trkpt>
      <trkpt lat="42.53182" lon="1.7045">
        <time>2024-06-21T12:52:54Z</time>
      </trkpt>
      <trkpt lat="42.53176" lon="1.70355">
        <time>2024-06-21T12:52:54Z</time>
      </trkpt>
      <trkpt lat="42.53187" lon="1.70254">
        <time>2024-06-21T12:52:54Z</time>
      </trkpt>
      <trkpt lat="42.53193" lon="1.70201">
        <time>2024-06-21T12:52:54Z</time>
      </trkpt>
      <trkpt lat="42.53179" lon="1.70103">
        <time>2024-06-21T12:52:54Z</time>
      </trkpt>
      <trkpt lat="42.53189" lon="1.70062">
        <time>2024-06-21T12:52:54Z</time>
      </trkpt>
      <trkpt lat="42.53239" lon="1.70052">
        <time>2024-06-21T12:52:54Z</time>
      </trkpt>
      <trkpt lat="42.53256" lon="1.70062">
        <time>2024-06-21T12:52:54Z</time>
      </trkpt>
      <trkpt lat="42.53261" lon="1.70055">
        <time>2024-06-21T12:52:54Z</time>
      </trkpt>
      <trkpt lat="42.5326" lon="1.70057">
        <time>2024-06-21T12:52:54Z</time>
      </trkpt>
    </trkseg>
  </trk>
</gpx>
